Time,Temperature,Humidity,Speed,Direction,Rain,Sunlight,PM2.5,PM10
00:00:03,31.99,65.68,0.20000000298023224,135,0.20000000298023224,1,12,10
00:01:05,31.98,65.74,0,135,0.20000000298023224,1,12,10
00:02:08,31.98,65.74,0.40000000596046448,270,0.20000000298023224,1,11,10
00:03:11,31.98,65.87,0.800000011920929,45,0.20000000298023224,1,10,10
00:04:15,31.97,65.85,0.40000000596046448,90,0.20000000298023224,1,12,10
00:05:18,31.94,65.9,0.20000000298023224,90,0.20000000298023224,1,12,10
00:06:21,31.95,65.89,0,135,0.20000000298023224,1,11,10
00:07:25,31.98,65.88,0.600000023841858,90,0.20000000298023224,1,11,10
00:08:26,31.99,65.69,0.10000000149011612,90,0.20000000298023224,1,11,10
00:09:30,31.97,65.92,0.699999988079071,270,0.20000000298023224,1,13,10
00:11:36,31.94,66.07,0,45,0.20000000298023224,1,11,10
00:12:39,31.94,66.01,0,135,0.20000000298023224,1,11,10
00:13:43,31.94,66.24,0.300000011920929,135,0.20000000298023224,1,13,10
00:14:46,31.94,66.31,0.40000000596046448,135,0.20000000298023224,1,11,10
00:15:49,31.93,66.26,0.600000023841858,90,0.20000000298023224,1,12,10
00:16:53,31.9,66.27,0.40000000596046448,0,0.20000000298023224,1,11,10
00:17:56,31.9,66.25,0,135,0.20000000298023224,1,12,10
00:18:59,31.92,66.18,0,180,0.20000000298023224,1,12,10
00:20:02,31.92,66.07,0.600000023841858,135,0.20000000298023224,1,11,10
00:21:05,31.87,66.23,0,135,0.20000000298023224,1,13,10
00:22:08,31.88,66.28,0,90,0.20000000298023224,1,13,10
00:23:11,31.86,66.32,0.20000000298023224,135,0.20000000298023224,1,10,10
00:24:15,31.84,66.53,1.2000000476837158,45,0.20000000298023224,1,12,10
00:25:18,31.81,66.63,0.20000000298023224,135,0.20000000298023224,1,11,10
00:26:21,31.8,66.68,1.2000000476837158,90,0.20000000298023224,1,11,10
00:27:24,31.78,66.69,1,0,0.20000000298023224,1,13,10
00:28:27,31.75,66.62,0.5,135,0.20000000298023224,1,11,10
00:29:31,31.75,67.05,0,90,0.20000000298023224,1,11,10
00:30:34,31.76,66.96,0.20000000298023224,135,0.20000000298023224,1,12,10
00:31:36,31.76,66.71,0.40000000596046448,135,0.20000000298023224,1,12,10
00:32:39,31.75,66.77,0.5,135,0.20000000298023224,1,10,10
00:34:45,31.78,66.92,0.20000000298023224,135,0.20000000298023224,1,11,10
00:35:48,31.78,66.96,0.600000023841858,90,0.20000000298023224,1,11,10
00:36:50,31.76,67,0,135,0.20000000298023224,1,12,10
00:37:53,31.76,66.92,0.20000000298023224,135,0.20000000298023224,1,10,10
00:38:56,31.74,66.99,0.300000011920929,135,0.20000000298023224,1,11,10
00:40:00,31.72,67.55,0.20000000298023224,135,0.20000000298023224,1,10,10
00:41:02,31.71,67.31,0.600000023841858,90,0.20000000298023224,1,11,10
00:42:06,31.68,67.45,0.20000000298023224,135,0.20000000298023224,1,11,10
00:43:09,31.68,67.74,0.40000000596046448,135,0.20000000298023224,1,9,10
00:44:13,31.68,67.54,0,135,0.20000000298023224,1,11,10
00:45:17,31.69,67.86,0.5,135,0.20000000298023224,1,12,10
00:46:19,31.68,68.14,0.5,135,0.20000000298023224,1,11,10
00:47:22,31.65,67.78,0.20000000298023224,135,0.20000000298023224,1,11,10
00:48:25,31.64,67.66,0.300000011920929,90,0.20000000298023224,1,12,10
00:49:28,31.63,67.71,0.600000023841858,135,0.20000000298023224,1,10,10
00:50:31,31.6,67.85,0.10000000149011612,135,0.20000000298023224,1,12,10
00:51:34,31.59,67.79,0,135,0.20000000298023224,1,10,10
00:52:38,31.6,67.61,0,135,0.20000000298023224,1,12,10
00:53:41,31.57,67.76,0.20000000298023224,135,0.20000000298023224,1,10,10
00:54:44,31.55,67.8,0.899999976158142,45,0.20000000298023224,1,12,10
00:55:47,31.52,67.98,1.1000000238418579,315,0.20000000298023224,1,11,10
00:56:50,31.51,67.97,0.300000011920929,135,0.20000000298023224,1,11,10
00:57:53,31.52,67.88,1.2000000476837158,90,0.20000000298023224,1,12,10
00:58:58,31.49,68.16,0.800000011920929,90,0.20000000298023224,1,11,10
00:59:59,31.47,67.98,0.40000000596046448,90,0.20000000298023224,1,13,10
01:01:02,31.45,68.1,0.600000023841858,180,0.20000000298023224,1,11,10
01:02:05,31.42,68.21,0.20000000298023224,135,0.20000000298023224,1,11,10
01:03:08,31.44,68.28,0.600000023841858,135,0.20000000298023224,1,10,10
01:04:11,31.45,68.19,1.2000000476837158,135,0.20000000298023224,1,10,10
01:05:14,31.4,68.18,1.6000000238418579,90,0.20000000298023224,1,10,10
01:06:18,31.35,68.65,0.699999988079071,45,0.20000000298023224,1,10,10
01:07:20,31.32,68.61,0.600000023841858,90,0.20000000298023224,1,12,10
01:08:23,31.31,68.75,0.600000023841858,45,0.20000000298023224,1,11,10
01:09:27,31.31,68.93,0,135,0.20000000298023224,1,10,10
01:10:29,31.32,69.24,0,135,0.20000000298023224,1,11,10
01:11:32,31.31,69.21,0.600000023841858,90,0.20000000298023224,1,11,10
01:12:35,31.28,69.27,0.800000011920929,135,0.20000000298023224,1,11,10
01:13:40,31.26,69.35,0.699999988079071,90,0.20000000298023224,1,11,10
01:14:41,31.26,69.63,0.600000023841858,135,0.20000000298023224,1,11,10
01:15:45,31.24,69.58,0.800000011920929,90,0.20000000298023224,1,12,10
01:16:48,31.22,69.86,0.300000011920929,135,0.20000000298023224,1,11,10
01:17:51,31.21,69.94,1.2000000476837158,90,0.20000000298023224,1,13,10
01:18:54,31.18,70.35,0.5,315,0.20000000298023224,1,10,10
01:19:57,31.17,70.19,1,135,0.20000000298023224,1,12,10
01:21:01,31.15,70.42,0.600000023841858,135,0.20000000298023224,1,11,10
01:22:03,31.17,70.71,0,135,0.20000000298023224,1,11,10
01:23:06,31.19,70.43,0.40000000596046448,135,0.20000000298023224,1,10,10
01:24:10,31.19,70.66,0.600000023841858,45,0.20000000298023224,1,11,10
01:25:13,31.18,70.84,0.600000023841858,135,0.20000000298023224,1,11,10
01:26:16,31.15,70.91,0.600000023841858,90,0.20000000298023224,1,12,10
01:27:19,31.15,70.79,0.600000023841858,315,0.20000000298023224,1,13,10
01:28:23,31.16,70.94,0,135,0.20000000298023224,1,11,10
01:29:26,31.18,71.08,0.20000000298023224,135,0.20000000298023224,1,12,10
01:30:29,31.16,71.09,0.5,135,0.20000000298023224,1,13,10
01:31:33,31.15,71.22,0.10000000149011612,135,0.20000000298023224,1,12,10
01:32:35,31.16,71.65,0.40000000596046448,135,0.20000000298023224,1,13,10
01:33:38,31.15,71.76,0,135,0.20000000298023224,1,11,10
01:34:41,31.15,71.76,0,135,0.20000000298023224,1,12,10
01:35:44,31.16,71.62,0.40000000596046448,135,0.20000000298023224,1,12,10
01:36:47,31.16,71.58,0,135,0.20000000298023224,1,13,10
01:37:50,31.17,72.23,0,135,0.20000000298023224,1,11,10
01:38:54,31.16,71.87,0,135,0.20000000298023224,1,12,10
01:40:59,31.18,72.27,0.40000000596046448,90,0.20000000298023224,1,12,10
01:42:02,31.18,72.08,0.10000000149011612,90,0.20000000298023224,1,12,10
01:43:07,31.16,71.98,0,135,0.20000000298023224,1,13,10
01:44:08,31.13,72.02,0.5,90,0.20000000298023224,1,13,10
01:45:12,31.09,72.34,0.300000011920929,135,0.20000000298023224,1,13,10
01:46:15,31.05,72.68,0.600000023841858,135,0.20000000298023224,1,11,10
01:47:18,31.05,72.63,0,135,0.20000000298023224,1,12,10
01:48:21,31.05,72.64,0.800000011920929,90,0.20000000298023224,1,12,10
01:49:24,31.01,72.82,0.899999976158142,315,0.20000000298023224,1,13,10
01:50:28,30.97,73,1.2000000476837158,90,0.20000000298023224,1,12,10
01:51:30,30.92,73.23,0.699999988079071,135,0.20000000298023224,1,12,10
01:52:33,30.9,73.52,0.600000023841858,90,0.20000000298023224,1,11,10
01:53:35,30.91,73.49,0.699999988079071,90,0.20000000298023224,1,12,10
01:54:39,30.89,73.63,0.600000023841858,45,0.20000000298023224,1,13,10
01:55:42,30.88,73.62,0.800000011920929,135,0.20000000298023224,1,11,10
01:56:44,30.88,73.61,0,135,0.20000000298023224,1,12,10
01:57:48,30.89,73.77,0.5,180,0.20000000298023224,1,12,10
01:59:55,30.85,73.89,0,135,0.20000000298023224,1,12,10
02:00:58,30.86,73.96,0.300000011920929,135,0.20000000298023224,1,13,10
02:03:04,30.88,73.89,0.300000011920929,90,0.20000000298023224,1,11,10
02:04:08,30.91,73.82,0,135,0.20000000298023224,1,12,10
02:05:12,30.92,73.46,0,180,0.20000000298023224,1,11,10
02:06:15,30.89,73.56,0.40000000596046448,135,0.20000000298023224,1,11,10
02:07:18,30.85,73.8,0.20000000298023224,90,0.20000000298023224,1,11,10
02:08:22,30.83,73.93,0,135,0.20000000298023224,1,11,10
02:10:28,30.85,73.91,0.10000000149011612,135,0.20000000298023224,1,13,10
02:11:31,30.83,73.67,0,0,0.20000000298023224,1,11,10
02:12:36,30.79,74.2,0.40000000596046448,90,0.20000000298023224,1,11,10
02:13:37,30.78,74.26,0.600000023841858,90,0.20000000298023224,1,13,10
02:14:40,30.77,74.06,0.10000000149011612,90,0.20000000298023224,1,12,10
02:15:44,30.76,74.1,0.5,90,0.20000000298023224,1,12,10
02:16:47,30.73,74.26,0.899999976158142,45,0.20000000298023224,1,12,10
02:17:50,30.7,74.3,0.600000023841858,90,0.20000000298023224,1,13,10
02:18:54,30.69,74.87,0.40000000596046448,135,0.20000000298023224,1,12,10
02:19:57,30.7,74.49,0.5,90,0.20000000298023224,1,12,10
02:22:03,30.7,74.41,0.20000000298023224,135,0.20000000298023224,1,13,10
02:23:06,30.69,74.5,0.600000023841858,180,0.20000000298023224,1,13,10
02:24:12,30.68,74.4,1.2000000476837158,90,0.20000000298023224,1,12,10
02:26:17,30.64,74.8,0.20000000298023224,135,0.20000000298023224,1,12,10
02:27:21,30.63,74.86,0,135,0.20000000298023224,1,11,10
02:28:24,30.65,74.71,0.5,90,0.20000000298023224,1,12,10
02:30:31,30.63,74.88,0,135,0.20000000298023224,1,12,10
02:31:37,30.69,75.34,0.300000011920929,90,0.20000000298023224,1,12,10
02:32:38,30.68,75.18,0.699999988079071,90,0.20000000298023224,1,12,10
02:33:41,30.66,75.17,0.20000000298023224,90,0.20000000298023224,1,12,10
02:34:45,30.65,75.11,0.600000023841858,135,0.20000000298023224,1,12,10
02:35:48,30.63,75.01,0.699999988079071,135,0.20000000298023224,1,12,10
02:36:52,30.6,75.17,0.40000000596046448,90,0.20000000298023224,1,12,10
02:37:54,30.58,75.1,0.20000000298023224,135,0.20000000298023224,1,12,10
02:39:00,30.57,75.07,0.40000000596046448,90,0.20000000298023224,1,12,10
02:40:02,30.54,75.18,0.800000011920929,90,0.20000000298023224,1,12,10
02:41:04,30.53,75.09,0,135,0.20000000298023224,1,11,10
02:42:07,30.54,75.06,0.600000023841858,90,0.20000000298023224,1,11,10
02:43:11,30.54,75.19,0.300000011920929,315,0.20000000298023224,1,11,10
02:44:15,30.54,74.31,0.10000000149011612,180,0.20000000298023224,1,11,10
02:45:18,30.55,73.99,0.300000011920929,90,0.20000000298023224,1,12,10
02:46:21,30.53,73.79,0.300000011920929,90,0.20000000298023224,1,12,10
02:47:24,30.53,73.69,0.800000011920929,45,0.20000000298023224,1,11,10
02:48:27,30.5,73.56,0.20000000298023224,135,0.20000000298023224,1,12,10
02:49:30,30.49,73.52,1.2000000476837158,90,0.20000000298023224,1,11,10
02:50:33,30.45,73.34,0.600000023841858,315,0.20000000298023224,1,12,10
02:51:37,30.43,73.61,0.800000011920929,45,0.20000000298023224,1,11,10
02:52:40,30.43,73.16,1.1000000238418579,225,0.20000000298023224,1,12,10
02:53:44,30.42,72.94,0.20000000298023224,180,0.20000000298023224,1,10,10
02:54:48,30.43,73.14,0.800000011920929,90,0.20000000298023224,1,11,10
02:55:51,30.41,72.32,1.2000000476837158,0,0.20000000298023224,1,11,10
02:56:56,30.39,72.4,0.800000011920929,0,0.20000000298023224,1,12,10
02:57:58,30.39,72.25,0.20000000298023224,315,0.20000000298023224,1,13,10
02:59:01,30.39,72.26,0.699999988079071,90,0.20000000298023224,1,11,10
03:00:05,30.38,72.44,0.40000000596046448,90,0.20000000298023224,1,11,10
03:01:08,30.38,72.11,0.5,0,0.20000000298023224,1,12,10
03:02:11,30.37,72.12,1.2000000476837158,225,0.20000000298023224,1,11,10
03:03:14,30.38,72.43,0.20000000298023224,225,0.20000000298023224,1,13,10
03:04:17,30.37,72.4,0.600000023841858,315,0.20000000298023224,1,11,10
03:05:20,30.36,72.06,0.300000011920929,0,0.20000000298023224,1,13,10
03:06:24,30.35,72.17,1.5,135,0.20000000298023224,1,13,10
03:07:26,30.34,72.24,0.5,135,0.20000000298023224,1,11,10
03:08:29,30.32,72.37,0.300000011920929,0,0.20000000298023224,1,12,10
03:09:32,30.33,72.31,0.300000011920929,90,0.20000000298023224,1,10,10
03:10:36,30.31,72.51,0.40000000596046448,135,0.20000000298023224,1,11,10
03:11:39,30.31,72.54,0.300000011920929,0,0.20000000298023224,1,12,10
03:12:42,30.3,72.64,0.300000011920929,90,0.20000000298023224,1,14,10
03:13:46,30.3,72.71,0.600000023841858,0,0.20000000298023224,1,11,10
03:14:48,30.27,72.88,0.699999988079071,45,0.20000000298023224,1,12,10
03:15:51,30.24,73.11,0.600000023841858,45,0.20000000298023224,1,11,10
03:16:54,30.23,73.46,0.699999988079071,90,0.20000000298023224,1,12,10
03:17:58,30.23,73.25,0,135,0.20000000298023224,1,12,10
03:19:00,30.23,73.11,0.300000011920929,270,0.20000000298023224,1,12,10
03:20:04,30.22,73.26,1.2000000476837158,90,0.20000000298023224,1,12,10
03:21:07,30.19,73.23,0.600000023841858,90,0.20000000298023224,1,12,10
03:22:11,30.18,73.3,0.40000000596046448,270,0.20000000298023224,1,12,10
03:23:13,30.18,73.49,1.1000000238418579,45,0.20000000298023224,1,13,10
03:24:17,30.16,73.4,1.2000000476837158,45,0.20000000298023224,1,11,10
03:25:20,30.15,73.46,0.800000011920929,90,0.20000000298023224,1,12,10
03:26:23,30.15,73.56,0.20000000298023224,315,0.20000000298023224,1,12,10
03:27:26,30.15,73.32,0.699999988079071,45,0.20000000298023224,1,12,10
03:28:29,30.15,73.3,0.40000000596046448,135,0.20000000298023224,1,11,10
03:29:32,30.16,73.48,0.10000000149011612,135,0.20000000298023224,1,13,10
03:30:35,30.18,73.29,0.300000011920929,90,0.20000000298023224,1,11,10
03:31:39,30.17,73.23,0.600000023841858,90,0.20000000298023224,1,13,10
03:32:41,30.16,73.32,0.5,90,0.20000000298023224,1,11,10
03:33:44,30.16,73.45,0.600000023841858,90,0.20000000298023224,1,13,10
03:34:47,30.16,73.43,0.600000023841858,135,0.20000000298023224,1,12,10
03:35:52,30.17,73.41,0.40000000596046448,135,0.20000000298023224,1,13,10
03:36:53,30.17,73.13,0.600000023841858,90,0.20000000298023224,1,12,10
03:37:56,30.18,73.1,0.600000023841858,135,0.20000000298023224,1,12,10
03:38:59,30.18,73.15,0,135,0.20000000298023224,1,13,10
03:40:02,30.18,73.27,0.699999988079071,90,0.20000000298023224,1,12,10
03:41:06,30.17,73,0.300000011920929,90,0.20000000298023224,1,12,10
03:42:09,30.18,73.24,0.10000000149011612,135,0.20000000298023224,1,13,10
03:43:13,30.18,73.29,0.10000000149011612,135,0.20000000298023224,1,13,10
03:44:16,30.18,73.38,1.2000000476837158,90,0.20000000298023224,1,13,10
03:45:20,30.16,73.42,0,135,0.20000000298023224,1,11,10
03:46:23,30.16,73.73,0.300000011920929,135,0.20000000298023224,1,11,10
03:47:26,30.16,73.35,0.600000023841858,270,0.20000000298023224,1,13,10
03:48:29,30.16,73.42,1,135,0.20000000298023224,1,12,10
03:49:32,30.14,73.45,0.600000023841858,135,0.20000000298023224,1,10,10
03:50:37,30.12,73.48,0.699999988079071,90,0.20000000298023224,1,12,10
03:51:39,30.1,73.57,0.699999988079071,135,0.20000000298023224,1,12,10
03:52:42,30.1,73.62,0.899999976158142,135,0.20000000298023224,1,12,10
03:53:46,30.09,73.28,0.600000023841858,0,0.20000000298023224,1,12,10
03:54:49,30.11,73.41,0.40000000596046448,135,0.20000000298023224,1,12,10
03:55:51,30.12,73.46,0.600000023841858,0,0.20000000298023224,1,10,10
03:56:55,30.11,73.65,0.40000000596046448,225,0.20000000298023224,1,12,10
03:58:01,30.11,73.48,0.10000000149011612,180,0.20000000298023224,1,12,10
03:59:01,30.12,73.56,0.300000011920929,0,0.20000000298023224,1,13,10
04:00:04,30.12,73.66,0.10000000149011612,135,0.20000000298023224,1,11,10
04:01:08,30.12,73.64,0,90,0.20000000298023224,1,12,10
04:02:11,30.11,73.91,0.300000011920929,135,0.20000000298023224,1,12,10
04:03:14,30.12,73.67,0,135,0.20000000298023224,1,12,10
04:04:18,30.15,73.61,0,135,0.20000000298023224,1,11,10
04:05:22,30.15,73.67,0,135,0.20000000298023224,1,13,10
04:06:25,30.17,73.66,0,135,0.20000000298023224,1,11,10
04:07:29,30.18,73.67,0,135,0.20000000298023224,1,12,10
04:08:34,30.16,73.89,0,135,0.20000000298023224,1,11,10
04:09:36,30.17,73.88,0,135,0.20000000298023224,1,11,10
04:10:40,30.17,73.85,0,90,0.20000000298023224,1,10,10
04:11:43,30.19,73.73,0,90,0.20000000298023224,1,11,10
04:13:49,30.18,73.73,0.40000000596046448,135,0.20000000298023224,1,12,10
04:14:52,30.15,73.9,0.5,90,0.20000000298023224,1,11,10
04:15:55,30.14,73.94,0.20000000298023224,90,0.20000000298023224,1,12,10
04:16:59,30.15,73.91,0,135,0.20000000298023224,1,12,10
04:18:02,30.15,74.18,0.10000000149011612,90,0.20000000298023224,1,12,10
04:19:05,30.13,74.15,0,135,0.20000000298023224,1,12,10
04:20:08,30.15,74.14,0,90,0.20000000298023224,1,12,10
04:21:11,30.14,74.03,0,270,0.20000000298023224,1,11,10
04:22:15,30.13,74.03,0.20000000298023224,135,0.20000000298023224,1,13,10
04:23:18,30.12,74.24,0.300000011920929,90,0.20000000298023224,1,12,10
04:24:21,30.1,74.3,0.699999988079071,90,0.20000000298023224,1,11,10
04:25:24,30.08,74.2,0.800000011920929,90,0.20000000298023224,1,12,10
04:26:27,30.05,74.33,0.5,135,0.20000000298023224,1,11,10
04:27:30,30.04,74.49,0.5,135,0.20000000298023224,1,13,10
04:28:33,30.03,74.5,0.20000000298023224,90,0.20000000298023224,1,11,10
04:29:37,30.03,74.57,0.300000011920929,315,0.20000000298023224,1,12,10
04:30:40,30.01,74.57,0.600000023841858,135,0.20000000298023224,1,12,10
04:31:43,29.99,74.65,0.300000011920929,135,0.20000000298023224,1,11,10
04:32:46,29.99,74.8,0,90,0.20000000298023224,1,10,10
04:33:49,29.99,74.84,0,135,0.20000000298023224,1,12,10
04:34:53,30,75.03,0.20000000298023224,90,0.20000000298023224,1,11,10
04:35:55,30,74.77,0,90,0.20000000298023224,1,12,10
04:36:58,30.01,74.8,0,135,0.20000000298023224,1,12,10
04:38:01,30.04,74.54,0.300000011920929,225,0.20000000298023224,1,11,10
04:39:05,30.04,74.66,0,135,0.20000000298023224,1,12,10
04:40:09,30.06,74.52,0.40000000596046448,0,0.20000000298023224,1,13,10
04:41:11,30.07,74.79,0,135,0.20000000298023224,1,11,10
04:42:15,30.08,74.42,0,90,0.20000000298023224,1,12,10
04:43:21,30.07,74.54,0,135,0.20000000298023224,1,11,10
04:44:22,30.09,74.48,0,135,0.20000000298023224,1,11,10
04:45:26,30.1,74.55,0.300000011920929,135,0.20000000298023224,1,12,10
04:46:29,30.09,74.45,0,135,0.20000000298023224,1,11,10
04:47:33,30.1,74.65,0,135,0.20000000298023224,1,12,10
04:48:37,30.11,74.47,0,135,0.20000000298023224,1,12,10
04:49:39,30.14,74.38,0,135,0.20000000298023224,1,11,10
04:50:42,30.17,74.31,0,135,0.20000000298023224,1,11,10
04:51:46,30.15,74.36,0,0,0.20000000298023224,1,12,10
04:52:49,30.14,74.51,0,0,0.20000000298023224,1,12,10
04:53:54,30.14,74.15,0,0,0.20000000298023224,1,11,10
04:54:55,30.15,74.36,0,0,0.20000000298023224,1,10,10
04:57:02,30.17,74.17,0,0,0.20000000298023224,1,11,10
04:58:04,30.18,74.34,0,0,0.20000000298023224,1,12,10
04:59:08,30.15,74.63,0,0,0.20000000298023224,1,11,10
05:00:13,30.12,75.04,0,0,0.20000000298023224,1,14,10
05:01:14,30.1,74.93,0,135,0.20000000298023224,1,12,10
05:02:17,30.08,74.3,0,315,0.20000000298023224,1,13,10
05:03:21,30.05,74.67,0,315,0.20000000298023224,1,12,10
05:04:25,30.05,74.66,0,315,0.20000000298023224,1,10,10
05:05:28,30.06,74.79,0,315,0.20000000298023224,1,12,10
05:06:32,30.04,74.97,0,315,0.20000000298023224,1,11,10
05:07:35,30.03,74.71,0,315,0.20000000298023224,1,11,10
05:08:40,30,74.87,0,315,0.20000000298023224,1,13,10
05:09:43,29.98,75.15,0,315,0.20000000298023224,1,12,10
05:10:46,29.97,75.1,0,315,0.20000000298023224,1,11,10
05:11:49,29.95,75.23,0,180,0.20000000298023224,1,12,10
05:12:52,29.93,75.43,0,135,0.20000000298023224,1,12,10
05:13:55,29.92,75.54,0,180,0.20000000298023224,1,11,10
05:14:59,29.89,75.43,0.10000000149011612,135,0.20000000298023224,1,13,10
05:16:01,29.88,75.34,0,90,0.20000000298023224,1,12,10
05:17:04,29.86,75.55,0,180,0.20000000298023224,1,11,10
05:18:07,29.86,75.4,0,90,0.20000000298023224,1,11,10
05:19:11,29.88,75.74,0,135,0.20000000298023224,1,11,10
05:20:14,29.9,75.82,0,135,0.20000000298023224,1,11,10
05:21:17,29.91,75.77,0,135,0.20000000298023224,1,13,10
05:22:20,29.9,75.35,0,315,0.20000000298023224,1,12,10
05:24:27,29.89,75.46,0,135,0.20000000298023224,1,11,10
05:25:30,29.9,75.31,0,225,0.20000000298023224,1,12,10
05:26:33,29.87,75.51,0,135,0.20000000298023224,2,15,10
05:27:37,29.86,75.59,0,90,0.20000000298023224,2,12,10
05:28:40,29.85,75.93,0,135,0.20000000298023224,2,15,10
05:29:44,29.85,75.86,0,135,0.20000000298023224,4,12,10
05:30:48,29.83,75.91,0,315,0.20000000298023224,4,11,10
05:31:50,29.83,75.89,0,135,0.20000000298023224,5,12,10
05:32:56,29.82,76.31,0,180,0.20000000298023224,7,12,10
05:33:58,29.83,76.19,0,135,0.20000000298023224,9,11,10
05:35:01,29.82,76.07,0,135,0.20000000298023224,12,12,10
05:36:04,29.84,75.93,0,135,0.20000000298023224,18,13,10
05:37:08,29.85,76.06,0,135,0.20000000298023224,23,13,10
05:38:11,29.88,75.78,0,135,0.20000000298023224,30,12,10
05:39:14,29.86,75.93,0,135,0.20000000298023224,36,12,10
05:40:18,29.85,76,0,135,0.20000000298023224,44,14,10
05:41:20,29.86,76.6,0,90,0.20000000298023224,54,12,10
05:42:25,29.83,76.14,0.10000000149011612,135,0.20000000298023224,65,14,10
05:43:26,29.82,76.24,0,135,0.20000000298023224,77,13,10
05:44:30,29.81,76.12,0,135,0.20000000298023224,84,12,10
05:45:33,29.84,76.26,0,135,0.20000000298023224,91,12,10
05:46:37,29.87,76.24,0,135,0.20000000298023224,99,12,10
05:47:40,29.87,76.27,0,135,0.20000000298023224,113,14,10
05:48:43,29.85,76.33,0,135,0.20000000298023224,128,11,10
05:49:46,29.85,76.87,0,135,0.20000000298023224,142,13,10
05:50:49,29.84,76.26,0,135,0.20000000298023224,159,13,10
05:51:53,29.85,76.59,0,135,0.20000000298023224,180,12,10
05:52:57,29.83,77.01,0,135,0.20000000298023224,208,13,10
05:54:01,29.82,76.28,0,135,0.20000000298023224,240,13,10
05:55:04,29.8,76.82,0,135,0.20000000298023224,277,13,10
05:57:11,29.79,76.96,0,135,0.20000000298023224,358,13,10
05:58:14,29.76,77.02,0,135,0.20000000298023224,408,11,10
05:59:18,29.77,76.92,0,135,0.20000000298023224,463,12,10
06:00:22,29.77,75.93,0,135,0.20000000298023224,515,12,10
06:01:26,29.78,75.53,0.40000000596046448,90,0.20000000298023224,575,11,10
06:02:28,29.76,74.98,0,90,0.20000000298023224,644,12,10
06:03:31,29.78,74.78,0,135,0.20000000298023224,721,11,10
06:04:35,29.79,75.29,0.40000000596046448,90,0.20000000298023224,806,13,10
06:05:38,29.79,74.61,0,135,0.20000000298023224,882,13,10
06:06:41,29.81,74.94,0,135,0.20000000298023224,958,13,10
06:07:44,29.82,75.03,0.10000000149011612,135,0.20000000298023224,1040,11,10
06:08:47,29.84,74.76,0,135,0.20000000298023224,1111,11,10
06:09:50,29.85,74.61,0,135,0.20000000298023224,1184,11,10
06:10:53,29.85,74.49,0,135,0.20000000298023224,1248,12,10
06:11:56,29.87,74.18,0,135,0.20000000298023224,1306,11,10
06:12:59,29.89,74.7,0,135,0.20000000298023224,1370,11,10
06:14:04,29.88,75.17,0,135,0.20000000298023224,1499,13,10
06:15:06,29.86,75.11,0,135,0.20000000298023224,1547,11,10
06:16:10,29.87,76.23,0,135,0.20000000298023224,1596,11,10
06:17:13,29.88,75.79,0,135,0.20000000298023224,1645,11,10
06:18:16,29.86,75.47,0,135,0.20000000298023224,1716,11,10
06:19:21,29.86,76.32,0.300000011920929,135,0.20000000298023224,1814,11,10
06:21:26,29.89,74.94,0,135,0.20000000298023224,2048,12,10
06:22:31,29.89,75.05,0,135,0.20000000298023224,2177,12,10
06:23:32,29.9,74.82,0.5,135,0.20000000298023224,2289,13,10
06:24:35,29.9,74.32,0,135,0.20000000298023224,2385,12,10
06:25:39,29.93,73.99,0,135,0.20000000298023224,2402,12,10
06:26:42,29.95,74.18,0,135,0.20000000298023224,2402,12,10
06:27:45,29.97,73.8,0,135,0.20000000298023224,2419,13,10
06:28:48,29.99,74.05,0,135,0.20000000298023224,2434,12,10
06:29:52,30.01,74.04,0,135,0.20000000298023224,2499,13,10
06:30:54,30.03,74.13,0,90,0.20000000298023224,2627,13,10
06:31:57,30.04,74.16,0,90,0.20000000298023224,2788,13,10
06:33:00,30.08,73.72,0.5,90,0.20000000298023224,2966,14,10
06:34:05,30.09,73.55,0,135,0.20000000298023224,3127,13,10
06:35:07,30.1,73.14,0,90,0.20000000298023224,3257,15,10
06:36:10,30.11,73.2,0,90,0.20000000298023224,3369,13,10
06:37:14,30.14,73.45,0,90,0.20000000298023224,3483,13,10
06:38:16,30.17,73.42,0,90,0.20000000298023224,3563,12,10
06:39:20,30.18,73.37,0,90,0.20000000298023224,3725,14,10
06:40:23,30.21,73.11,0,135,0.20000000298023224,3901,14,10
06:41:27,30.23,72.97,0.40000000596046448,135,0.20000000298023224,4047,13,10
06:43:32,30.22,73.43,0,135,0.20000000298023224,4225,14,10
06:44:35,30.24,73.38,0,135,0.20000000298023224,4386,13,10
06:45:40,30.25,73.5,0,135,0.20000000298023224,4515,14,10
06:46:42,30.24,73.69,0,135,0.20000000298023224,4676,13,10
06:47:46,30.26,73.45,0,135,0.20000000298023224,4772,14,10
06:48:49,30.3,73.59,0,135,0.20000000298023224,4935,15,10
06:49:53,30.3,73.55,0,135,0.20000000298023224,5128,15,10
06:50:55,30.31,73.46,0,135,0.20000000298023224,5257,14,10
06:51:58,30.33,73.84,0,135,0.20000000298023224,5450,14,10
06:53:02,30.33,74.09,0,135,0.20000000298023224,5579,15,10
06:54:05,30.32,73.62,0.600000023841858,90,0.20000000298023224,5611,15,10
06:55:09,30.32,73.93,0,180,0.20000000298023224,5579,12,10
06:56:11,30.41,73.52,0,135,0.20000000298023224,5741,14,10
06:57:15,30.44,73.58,0,135,0.20000000298023224,5902,15,10
06:58:18,30.49,73.49,0,135,0.20000000298023224,5966,14,10
06:59:21,30.57,73.48,0,135,0.20000000298023224,6483,14,10
07:00:25,30.59,73.75,0,135,0.20000000298023224,6998,15,10
07:01:28,30.63,74.17,0,135,0.20000000298023224,7450,16,10
07:02:31,30.71,73.76,0,135,0.20000000298023224,7804,14,10
07:03:34,30.77,73.36,0,135,0.20000000298023224,7933,14,10
07:04:37,30.8,73.63,0,135,0.20000000298023224,7998,13,10
07:05:40,30.88,72.53,0,135,0.20000000298023224,8160,14,10
07:06:43,30.91,72.4,0,135,0.20000000298023224,8321,14,10
07:07:47,30.99,72.76,0,135,0.20000000298023224,8450,14,10
07:08:50,31.04,72.63,0,135,0.20000000298023224,9611,14,10
07:09:54,31.16,72.6,0,135,0.20000000298023224,15482,15,10
07:10:57,31.52,70.99,0,135,0.20000000298023224,19482,13,10
07:11:59,32.08,71.13,0,135,0.20000000298023224,17934,14,10
07:13:02,32.58,68.76,0,135,0.20000000298023224,20256,14,10
07:14:07,33.04,67.55,0,135,0.20000000298023224,23352,14,10
07:15:09,33.43,65.42,0,135,0.20000000298023224,23611,14,10
07:16:12,33.8,64.69,0,135,0.20000000298023224,22191,14,10
07:17:15,34.07,63.49,0,135,0.20000000298023224,19997,14,10
07:18:19,34.39,61.33,0,135,0.20000000298023224,20514,14,10
07:19:21,34.61,61.18,0,135,0.20000000298023224,23739,14,10
07:20:24,34.74,59.89,0,135,0.20000000298023224,25804,16,10
07:22:31,35.15,58.82,0,135,0.20000000298023224,23094,13,10
07:23:34,35.27,58.33,0,135,0.20000000298023224,23352,13,10
07:24:37,35.37,58.72,0,135,0.20000000298023224,23223,13,10
07:25:40,35.5,57.06,0,135,0.20000000298023224,23611,13,10
07:26:43,35.6,57.58,0,135,0.20000000298023224,25417,14,10
07:27:47,35.63,56.92,0,135,0.20000000298023224,26577,13,10
07:28:50,35.7,57.24,0,135,0.20000000298023224,27223,12,10
07:29:54,35.84,56.87,0,135,0.20000000298023224,28900,12,10
07:30:56,36.11,56.25,0,135,0.20000000298023224,28256,12,10
07:31:59,36.17,56.72,0,135,0.20000000298023224,25804,13,10
07:33:02,36.36,55.37,0,135,0.20000000298023224,23739,12,10
07:34:05,36.46,55.04,0,135,0.20000000298023224,24642,11,10
07:35:08,36.57,55.09,0,135,0.20000000298023224,28126,12,10
07:36:13,36.62,54.42,0,135,0.20000000298023224,28900,12,10
07:37:14,36.75,53.99,0,180,0.20000000298023224,28771,13,10
07:38:17,36.86,52.81,0,135,0.20000000298023224,29159,12,10
07:39:21,36.94,51.92,0,135,0.20000000298023224,28900,12,10
07:40:24,36.86,51.07,0,135,0.20000000298023224,28385,11,10
07:41:26,36.9,51.69,0,135,0.20000000298023224,29545,11,10
07:42:29,36.86,50.5,0.300000011920929,135,0.20000000298023224,31868,12,10
07:43:32,36.85,52.54,0,135,0.20000000298023224,30836,13,10
07:44:35,36.94,50.28,0.40000000596046448,135,0.20000000298023224,30577,13,10
07:45:38,36.78,50.08,0.300000011920929,135,0.20000000298023224,30448,13,10
07:46:43,36.6,50.23,0.300000011920929,135,0.20000000298023224,31481,12,10
07:47:44,36.54,50.53,0,135,0.20000000298023224,30577,13,10
07:48:47,36.48,50.33,0.600000023841858,135,0.20000000298023224,31481,12,10
07:49:50,36.35,51.23,0,135,0.20000000298023224,30965,12,10
07:50:54,36.48,50.78,0.40000000596046448,90,0.20000000298023224,31996,11,10
07:51:56,36.6,51.15,0,135,0.20000000298023224,35351,11,10
07:52:59,36.72,49.83,0,135,0.20000000298023224,37933,10,10
07:54:01,36.96,50.06,0,135,0.20000000298023224,37158,12,10
07:55:04,37.05,49.26,0,135,0.20000000298023224,35868,13,10
07:56:07,37.26,49.48,0,135,0.20000000298023224,35351,11,10
07:57:10,37.46,48.42,0,135,0.20000000298023224,36384,11,10
07:58:15,37.63,47.58,0,135,0.20000000298023224,38448,10,10
07:59:16,37.82,47.02,0,135,0.20000000298023224,37933,12,10
08:00:19,38.02,45.95,0,135,0.20000000298023224,36899,12,10
08:01:22,38.15,45.15,0,135,0.20000000298023224,36899,11,10
08:02:25,38.32,44.86,0,135,0.20000000298023224,36899,11,10
08:03:27,38.31,45.24,0,135,0.20000000298023224,37416,11,10
08:04:32,38.46,44.59,0,135,0.20000000298023224,37933,12,10
08:05:33,38.39,44.52,0,135,0.20000000298023224,38448,12,10
08:06:35,38.14,44.91,0.40000000596046448,90,0.20000000298023224,39739,12,10
08:07:39,38,45.88,0,135,0.20000000298023224,39996,12,10
08:08:41,38.01,45.1,0.300000011920929,135,0.20000000298023224,39996,11,10
08:09:44,38.08,45.61,0,135,0.20000000298023224,40513,11,10
08:10:47,38.14,44.78,0,135,0.20000000298023224,39996,11,10
08:11:51,37.98,44.87,0.5,135,0.20000000298023224,38448,12,10
08:12:52,37.83,45.52,0.300000011920929,135,0.20000000298023224,38190,11,10
08:13:56,37.76,45.66,0,135,0.20000000298023224,38964,11,10
08:14:59,37.85,45.63,0,135,0.20000000298023224,39996,11,10
08:16:02,37.81,45.22,0,135,0.20000000298023224,40513,11,10
08:17:04,37.77,45.08,0.5,135,0.20000000298023224,40513,11,10
08:18:07,37.52,45.18,0.300000011920929,135,0.20000000298023224,40770,11,10
08:19:09,37.37,45.43,0.600000023841858,135,0.20000000298023224,42319,11,10
08:20:12,37.29,45.2,0.5,90,0.20000000298023224,43351,11,10
08:21:15,37.17,45.56,0.20000000298023224,135,0.20000000298023224,43867,12,10
08:22:19,37.09,45.99,0.10000000149011612,135,0.20000000298023224,43093,11,10
08:23:21,37.24,45.19,0,135,0.20000000298023224,43093,12,10
08:25:26,37.58,45.54,0,135,0.20000000298023224,43351,13,10
08:26:31,37.76,45.57,0,135,0.20000000298023224,44125,11,10
08:27:32,37.87,44.28,0,135,0.20000000298023224,45931,11,10
08:28:35,38,44.44,0.40000000596046448,90,0.20000000298023224,46190,12,10
08:29:37,37.98,45.3,0,135,0.20000000298023224,44899,11,10
08:30:41,38.08,44.24,0,135,0.20000000298023224,45931,12,10
08:31:42,37.99,43.23,0.5,90,0.20000000298023224,46190,11,10
08:32:45,37.91,43.44,0,135,0.20000000298023224,49028,12,10
08:33:49,38.1,43.97,0.600000023841858,135,0.20000000298023224,50835,11,10
08:34:50,38.31,43.3,0.40000000596046448,0,0.20000000298023224,51093,12,10
08:35:53,38.43,43.11,0.300000011920929,135,0.20000000298023224,50835,11,10
08:36:57,38.62,42.58,0.10000000149011612,135,0.20000000298023224,50576,11,10
08:37:58,38.68,43.3,0,45,0.20000000298023224,51093,12,10
08:39:01,38.83,42.16,0.40000000596046448,135,0.20000000298023224,51867,12,10
08:40:05,38.81,42.1,0,135,0.20000000298023224,53156,12,10
08:41:06,38.87,41.91,0,135,0.20000000298023224,54447,11,10
08:42:09,38.86,41.74,0.20000000298023224,135,0.20000000298023224,54964,11,10
08:43:11,38.76,41.34,0.10000000149011612,135,0.20000000298023224,54189,11,10
08:44:14,38.73,41.82,0,135,0.20000000298023224,54189,10,10
08:45:18,38.78,41.36,0.40000000596046448,135,0.20000000298023224,54447,10,10
08:46:19,38.71,41.6,0.300000011920929,135,0.20000000298023224,54705,10,10
08:47:22,38.73,42.08,0.20000000298023224,135,0.20000000298023224,55738,10,10
08:48:26,38.77,40.95,0,135,0.20000000298023224,56512,10,10
08:49:27,38.93,40.98,0,135,0.20000000298023224,56770,10,10
08:50:30,39.05,40.37,0.600000023841858,90,0.20000000298023224,55995,11,10
08:51:32,38.87,41.55,0.20000000298023224,135,0.20000000298023224,56512,11,10
08:52:36,39.09,41.93,0,90,0.20000000298023224,57027,11,10
08:53:38,39.21,40.36,0,90,0.20000000298023224,58575,10,10
08:54:41,39.22,39.74,0.5,135,0.20000000298023224,60381,10,10
08:55:44,38.97,39.27,0,135,0.20000000298023224,61930,10,10
08:56:46,39.02,40.06,0,135,0.20000000298023224,62189,10,10
08:57:49,38.97,40.13,0.20000000298023224,135,0.20000000298023224,62189,9,10
08:58:52,39.06,39.28,0.800000011920929,135,0.20000000298023224,61415,9,10
08:59:54,38.97,39.02,0.5,135,0.20000000298023224,61156,10,10
09:00:57,39,39.43,0,90,0.20000000298023224,61415,9,10
09:01:59,39.09,39.11,0.5,90,0.20000000298023224,61930,9,10
09:03:04,38.99,38.96,0.5,90,0.20000000298023224,62189,9,10
09:04:05,38.84,39.74,0.40000000596046448,90,0.20000000298023224,62446,9,10
09:05:08,38.79,39.57,0.600000023841858,90,0.20000000298023224,62704,10,10
09:06:11,38.74,39.71,0.40000000596046448,135,0.20000000298023224,62963,10,10
09:07:14,38.79,39.74,0.300000011920929,135,0.20000000298023224,65027,9,10
09:08:17,38.87,39.69,0.40000000596046448,135,0.20000000298023224,65801,8,10
09:09:21,38.97,38.97,0.40000000596046448,135,0.20000000298023224,66059,9,10
09:10:22,38.92,39.81,0,135,0.20000000298023224,66059,9,10
09:11:26,39.08,38.98,0.5,135,0.20000000298023224,66575,9,10
09:12:28,38.92,39.43,0.10000000149011612,135,0.20000000298023224,66575,10,10
09:13:30,38.93,39.35,0.699999988079071,90,0.20000000298023224,66059,9,10
09:14:32,38.81,39.96,0.300000011920929,135,0.20000000298023224,67092,9,10
09:15:35,38.87,39.73,0.40000000596046448,135,0.20000000298023224,68124,9,10
09:16:38,38.87,39.74,0.5,135,0.20000000298023224,69672,9,10
09:17:40,38.73,39.93,0.600000023841858,135,0.20000000298023224,70704,8,10
09:18:43,38.7,40.96,0.20000000298023224,135,0.20000000298023224,70704,8,10
09:19:45,38.79,39.63,0.600000023841858,90,0.20000000298023224,71220,9,10
09:20:48,38.68,40.54,0.5,90,0.20000000298023224,71220,8,10
09:21:51,38.65,38.83,0.5,135,0.20000000298023224,70704,8,10
09:22:53,38.65,38.56,0.5,135,0.20000000298023224,70704,9,10
09:23:57,38.59,38.71,0.40000000596046448,135,0.20000000298023224,70704,9,10
09:25:01,38.74,40.14,0,135,0.20000000298023224,71220,9,10
09:26:02,39.01,38.97,0.40000000596046448,90,0.20000000298023224,72252,9,10
09:27:04,39.02,38.92,0.10000000149011612,135,0.20000000298023224,73284,8,10
09:28:08,39.11,38.89,0.300000011920929,90,0.20000000298023224,74832,10,10
09:29:10,39.17,38.53,0.300000011920929,135,0.20000000298023224,74832,8,10
09:30:12,39.25,38.68,0.600000023841858,90,0.20000000298023224,74832,8,10
09:31:16,39.04,39.13,0.40000000596046448,135,0.20000000298023224,73801,10,10
09:32:17,39,39.15,0.20000000298023224,135,0.20000000298023224,73284,9,10
09:33:19,39.16,39.91,0.40000000596046448,90,0.20000000298023224,72769,9,10
09:34:22,39.29,39.2,0.600000023841858,90,0.20000000298023224,72252,11,10
09:35:24,39.28,39.99,0.40000000596046448,135,0.20000000298023224,71736,11,10
09:36:26,39.39,39.34,0.800000011920929,90,0.20000000298023224,71220,9,10
09:37:30,39.09,40.25,0.5,90,0.20000000298023224,72252,10,10
09:38:32,39.09,39.98,0.300000011920929,45,0.20000000298023224,73284,10,10
09:39:35,39.14,39.83,0,135,0.20000000298023224,74832,10,10
09:40:38,39.36,40.13,0.600000023841858,90,0.20000000298023224,75866,9,10
09:41:40,39.28,40.01,0.600000023841858,135,0.20000000298023224,75866,9,10
09:42:43,39.1,40.52,0.5,180,0.20000000298023224,75866,10,10
09:43:46,39.12,40.29,0.5,90,0.20000000298023224,75349,11,10
09:44:49,39.16,39.57,0.300000011920929,135,0.20000000298023224,75866,9,10
09:45:51,39.27,38.64,0.600000023841858,135,0.20000000298023224,75866,9,10
09:46:53,39.13,38.74,0.40000000596046448,135,0.20000000298023224,76381,9,10
09:47:56,39.06,38.09,0.699999988079071,135,0.20000000298023224,77414,9,10
09:48:59,38.85,38.05,0.699999988079071,90,0.20000000298023224,78446,9,10
09:50:01,38.73,39.4,0.300000011920929,90,0.20000000298023224,78446,9,10
09:51:05,39.01,39.1,0.20000000298023224,90,0.20000000298023224,78446,8,10
09:52:07,39.35,37.62,0.40000000596046448,135,0.20000000298023224,78446,10,10
09:53:09,39.4,37.45,1,90,0.20000000298023224,78446,9,10
09:54:13,39.11,38.44,0.20000000298023224,135,0.20000000298023224,77929,10,10
09:55:14,39.15,38.15,0.600000023841858,90,0.20000000298023224,77929,9,10
09:56:16,39.07,38.59,0.40000000596046448,135,0.20000000298023224,78446,9,10
09:57:21,39.11,38.94,0.5,90,0.20000000298023224,78446,9,10
09:58:22,39.17,39.59,0.600000023841858,45,0.20000000298023224,78961,11,10
09:59:24,39.23,40.03,0.600000023841858,90,0.20000000298023224,77929,11,10
10:00:28,39.38,38.47,0.600000023841858,135,0.20000000298023224,77929,9,10
10:01:29,39.48,38.86,0.40000000596046448,45,0.20000000298023224,77414,10,10
10:02:32,39.62,37.97,0.300000011920929,135,0.20000000298023224,76897,10,10
10:03:35,39.72,37.13,0.800000011920929,0,0.20000000298023224,76381,9,10
10:04:37,39.62,36.54,0.600000023841858,315,0.20000000298023224,75349,9,10
10:05:40,39.56,38.14,0,135,0.20000000298023224,75349,9,10
10:06:43,39.82,38.72,0.20000000298023224,90,0.20000000298023224,75349,9,10
10:07:46,39.98,37.64,0.5,135,0.20000000298023224,75866,10,10
10:08:48,39.86,37.59,0.600000023841858,135,0.20000000298023224,75349,10,10
10:09:52,39.76,38.05,0.600000023841858,135,0.20000000298023224,76897,11,10
10:10:53,39.66,36.98,0.40000000596046448,135,0.20000000298023224,76897,10,10
10:11:55,39.47,37.65,0.10000000149011612,135,0.20000000298023224,76381,9,10
10:13:00,39.57,38.38,0.300000011920929,135,0.20000000298023224,75866,9,10
10:14:01,39.61,38.19,0.800000011920929,90,0.20000000298023224,75866,8,10
10:15:04,39.49,37.89,0.5,135,0.20000000298023224,74832,9,10
10:16:07,39.46,37.28,0.40000000596046448,135,0.20000000298023224,74317,10,10
10:17:10,39.62,37.94,0.800000011920929,90,0.20000000298023224,73284,10,10
10:18:11,39.6,36.98,0.10000000149011612,135,0.20000000298023224,74317,9,10
10:19:15,39.66,37.24,0.10000000149011612,135,0.20000000298023224,75349,10,10
10:20:16,39.84,36.87,0.600000023841858,90,0.20000000298023224,75866,10,10
10:21:19,39.7,36.45,0.600000023841858,135,0.20000000298023224,76381,8,10
10:22:22,39.51,36.49,0.899999976158142,90,0.20000000298023224,76897,9,10
10:23:25,39.42,37.95,0.600000023841858,135,0.20000000298023224,78446,9,10
10:24:27,39.44,37.27,0,135,0.20000000298023224,79994,10,10
10:25:31,39.62,36.6,0.5,0,0.20000000298023224,79994,8,10
10:26:32,39.74,37.62,0.40000000596046448,90,0.20000000298023224,81026,9,10
10:27:35,39.93,37.43,0,90,0.20000000298023224,81026,9,10
10:28:39,40.07,38.46,0.600000023841858,90,0.20000000298023224,81026,11,10
10:29:40,40.25,36.65,0.300000011920929,135,0.20000000298023224,81026,9,10
10:30:42,40.38,38.19,0.5,90,0.20000000298023224,82058,9,10
10:31:46,40.52,37.08,0.300000011920929,90,0.20000000298023224,82574,9,10
10:32:47,40.5,34.91,0,225,0.20000000298023224,81026,9,10
10:33:50,40.46,36.14,0,180,0.20000000298023224,80509,9,10
10:34:54,40.54,35.48,0.899999976158142,135,0.20000000298023224,79994,9,10
10:35:55,40.2,34.89,0.5,135,0.20000000298023224,81026,9,10
10:36:58,40.07,34.95,0.300000011920929,0,0.20000000298023224,81543,8,10
10:38:01,40.13,34.43,0,135,0.20000000298023224,82574,9,10
10:39:04,40.28,35.15,0.800000011920929,90,0.20000000298023224,84638,8,10
10:40:06,40.34,33.81,0.5,0,0.20000000298023224,85671,8,10
10:41:10,40.27,33.65,0,135,0.20000000298023224,87220,8,10
10:42:11,40.3,34.4,0.800000011920929,90,0.20000000298023224,88251,7,10
10:43:14,40.3,34.48,0.600000023841858,180,0.20000000298023224,90316,7,10
10:44:17,40.36,33.27,0.20000000298023224,135,0.20000000298023224,88768,8,10
10:46:22,40.06,33.61,0.699999988079071,135,0.20000000298023224,92380,8,10
10:47:25,39.9,34.47,0.600000023841858,90,0.20000000298023224,101154,9,10
10:48:27,39.88,34.61,0.600000023841858,90,0.20000000298023224,91348,9,10
10:49:30,39.9,35.16,0,135,0.20000000298023224,86186,9,10
10:50:33,40.16,34.69,0.10000000149011612,180,0.20000000298023224,86703,9,10
10:51:34,40.23,34.23,0.5,90,0.20000000298023224,86703,9,10
10:52:37,40.09,32.47,0.5,135,0.20000000298023224,87735,9,10
10:53:41,39.97,33.45,0.5,135,0.20000000298023224,88251,9,10
10:54:43,39.91,32.22,0.600000023841858,90,0.20000000298023224,88251,9,10
10:55:45,39.76,33.85,0.5,45,0.20000000298023224,88251,9,10
10:56:49,39.98,33.07,0,135,0.20000000298023224,88251,9,10
10:57:51,40.07,32.12,0.10000000149011612,135,0.20000000298023224,88768,7,10
10:58:53,40.02,33.61,0.699999988079071,90,0.20000000298023224,89800,9,10
10:59:57,40.03,33.18,0.800000011920929,315,0.20000000298023224,92380,9,10
11:00:58,39.94,33.69,0.10000000149011612,90,0.20000000298023224,93412,8,10
11:02:00,40.12,33.16,0,135,0.20000000298023224,94445,9,10
11:03:04,40.38,34.04,0.300000011920929,90,0.20000000298023224,93928,8,10
11:04:05,40.51,33.47,0.10000000149011612,0,0.20000000298023224,91863,8,10
11:05:08,40.59,32.36,0.5,135,0.20000000298023224,91348,9,10
11:06:12,40.33,32.54,0.40000000596046448,90,0.20000000298023224,91863,9,10
11:07:13,40.19,33.25,0.600000023841858,135,0.20000000298023224,91863,9,10
11:08:15,39.92,33.02,0.5,90,0.20000000298023224,91348,8,10
11:09:18,39.71,33.68,0.600000023841858,135,0.20000000298023224,92380,9,10
11:10:22,39.65,35.22,0.5,135,0.20000000298023224,90316,9,10
11:11:24,39.78,33.77,0.5,90,0.20000000298023224,91348,9,10
11:12:27,39.75,34.19,0.40000000596046448,90,0.20000000298023224,91348,9,10
11:13:30,39.74,33.39,0.600000023841858,90,0.20000000298023224,91348,9,10
11:14:33,39.72,35.23,0.10000000149011612,135,0.20000000298023224,93412,8,10
11:15:36,39.77,34.26,0.5,90,0.20000000298023224,91348,9,10
11:16:39,39.78,34.12,0.600000023841858,135,0.20000000298023224,90832,9,10
11:17:41,39.79,35.11,0.899999976158142,90,0.20000000298023224,91863,8,10
11:18:45,39.9,34.63,0,135,0.20000000298023224,93928,9,10
11:19:47,40.12,33.7,0.5,135,0.20000000298023224,97025,9,10
11:20:49,40.13,33.11,0.600000023841858,90,0.20000000298023224,94445,8,10
11:21:53,40.17,32.99,0.300000011920929,90,0.20000000298023224,96509,8,10
11:22:55,40.16,32.76,0.5,90,0.20000000298023224,97540,9,10
11:23:58,40.15,33.2,0.40000000596046448,135,0.20000000298023224,97025,9,10
11:25:01,40.14,32.83,0.5,45,0.20000000298023224,94960,9,10
11:26:03,40.21,33.83,0.5,180,0.20000000298023224,98057,8,10
11:27:06,40.4,32.54,0.300000011920929,225,0.20000000298023224,101154,7,10
11:28:09,40.45,33.19,0.699999988079071,135,0.20000000298023224,104766,8,10
11:29:12,40.51,32.29,0.20000000298023224,135,0.20000000298023224,108896,9,10
11:30:14,40.35,33.37,1.2999999523162842,90,0.20000000298023224,109411,9,10
11:31:17,40.15,32.93,0.300000011920929,135,0.20000000298023224,107863,9,10
11:32:20,40.12,32.96,0.600000023841858,90,0.20000000298023224,102186,8,10
11:33:22,40.15,33.53,0.10000000149011612,225,0.20000000298023224,99089,9,10
11:34:24,40.22,33.06,1.3999999761581421,135,0.20000000298023224,99089,9,10
11:35:27,40.16,32.31,0.699999988079071,90,0.20000000298023224,97025,10,10
11:36:30,39.83,33.13,0.699999988079071,90,0.20000000298023224,97540,8,10
11:37:34,39.55,34.1,0.699999988079071,135,0.20000000298023224,97540,8,10
11:38:35,39.59,34.46,0.40000000596046448,135,0.20000000298023224,97025,10,10
11:39:37,39.8,34.81,0.40000000596046448,135,0.20000000298023224,97025,10,10
11:40:42,40.02,33.81,0.5,90,0.20000000298023224,95477,9,10
11:41:43,40.09,33.71,0.20000000298023224,135,0.20000000298023224,94445,8,10
11:42:45,40.15,33.71,0.5,135,0.20000000298023224,93412,8,10
11:43:49,40.11,34.64,0.600000023841858,135,0.20000000298023224,92897,8,10
11:44:51,40.05,33.56,0.600000023841858,135,0.20000000298023224,91863,8,10
11:45:54,39.93,34.74,0.600000023841858,90,0.20000000298023224,105799,10,10
11:46:57,39.81,33.81,0.5,135,0.20000000298023224,111991,8,10
11:47:59,39.86,34.58,0,135,0.20000000298023224,99089,7,10
11:49:01,39.86,33.95,0.40000000596046448,90,0.20000000298023224,90832,9,10
11:51:07,39.99,32.94,0.40000000596046448,135,0.20000000298023224,88251,9,10
11:52:10,39.97,33.8,0.5,90,0.20000000298023224,104251,9,10
11:53:14,40.2,35.23,0.699999988079071,0,0.20000000298023224,95993,9,10
11:54:15,40.38,33.29,0.20000000298023224,135,0.20000000298023224,83091,11,10
11:55:17,40.54,33.35,0.899999976158142,90,0.20000000298023224,84123,10,10
11:56:20,40.49,33.6,0,135,0.20000000298023224,86186,11,10
11:57:25,40.43,33.52,0.5,135,0.20000000298023224,89800,9,10
11:58:26,40.53,35.04,0.699999988079071,90,0.20000000298023224,91348,10,10
11:59:29,40.58,33.6,0.5,135,0.20000000298023224,91863,10,10
12:00:32,40.55,33.15,0.600000023841858,90,0.20000000298023224,91348,10,10
12:01:34,40.41,33.38,0.800000011920929,90,0.20000000298023224,89283,9,10
12:02:37,40.26,34.15,0,0,0.20000000298023224,89283,9,10
12:03:40,40.29,33.06,0.5,90,0.20000000298023224,91348,10,10
12:04:43,40.2,33.64,0.300000011920929,270,0.20000000298023224,89283,10,10
12:05:47,40.15,34.18,0.40000000596046448,135,0.20000000298023224,88768,9,10
12:06:48,40.04,34.05,0.20000000298023224,135,0.20000000298023224,89800,10,10
12:07:52,39.96,35.16,0.899999976158142,90,0.20000000298023224,89283,9,10
12:08:54,39.99,34.81,0.600000023841858,0,0.20000000298023224,86186,10,10
12:09:58,40.09,34.13,0.5,135,0.20000000298023224,81026,9,10
12:11:00,40.23,34.61,0,90,0.20000000298023224,77929,9,10
12:12:03,40.32,33.46,0.5,135,0.20000000298023224,74832,10,10
12:14:08,39.95,34.44,0.40000000596046448,135,0.20000000298023224,73801,9,10
12:15:11,39.8,33.89,0.40000000596046448,135,0.20000000298023224,75866,9,10
12:16:15,39.53,34.23,0.5,90,0.20000000298023224,84123,11,10
12:17:16,39.5,34.39,0.300000011920929,135,0.20000000298023224,86703,11,10
12:18:19,39.59,33.14,0,135,0.20000000298023224,84638,10,10
12:19:23,39.43,33.64,0.600000023841858,0,0.20000000298023224,79994,10,10
12:20:25,39.22,35.07,0.600000023841858,135,0.20000000298023224,72769,9,10
12:21:27,39.23,35.59,0.40000000596046448,135,0.20000000298023224,64511,11,10
12:22:30,39.29,35.32,0,135,0.20000000298023224,55479,10,10
12:23:33,39.44,35.68,0.899999976158142,135,0.20000000298023224,47996,10,10
12:25:38,39.34,35.31,0.699999988079071,90,0.20000000298023224,32255,11,10
12:26:41,39.22,35.37,0,135,0.20000000298023224,24514,10,10
12:27:44,39.17,36.25,0.699999988079071,90,0.20000000298023224,17934,10,10
12:28:47,39.07,36.23,0.600000023841858,90,0.20000000298023224,11223,9,10
12:29:50,38.98,35.64,0.5,135,0.20000000298023224,8514,10,10
12:30:53,38.95,36.59,0.5,180,0.20000000298023224,6580,8,10
12:31:56,39.07,36.67,1,135,0.20000000298023224,6483,9,10
12:32:59,39.04,36.04,0.10000000149011612,135,0.20000000298023224,6385,9,10
12:34:02,39.13,37.1,0.40000000596046448,90,0.20000000298023224,6288,8,10
12:35:04,39.12,35.04,0,135,0.20000000298023224,6224,10,10
12:36:07,39.08,35.64,0.699999988079071,90,0.20000000298023224,6192,10,10
12:37:10,38.94,36.42,0.300000011920929,135,0.20000000298023224,6095,9,10
12:38:13,38.86,36.21,0.20000000298023224,135,0.20000000298023224,6031,9,10
12:39:16,38.82,36.39,0,135,0.20000000298023224,5934,11,10
12:40:20,38.8,36.47,0.40000000596046448,135,0.20000000298023224,5838,9,10
12:41:22,38.69,36.01,0,225,0.20000000298023224,5741,10,10
12:42:24,38.66,36.27,0,135,0.20000000298023224,5644,10,10
12:43:28,38.65,36.17,0.699999988079071,135,0.20000000298023224,5546,9,10
12:44:30,38.29,36.36,0.800000011920929,45,0.20000000298023224,5482,10,10
12:45:33,38.09,37.04,1.2000000476837158,90,0.20000000298023224,5385,9,10
12:46:36,38.01,37.16,0.600000023841858,135,0.20000000298023224,5353,9,10
12:48:42,38.25,39.32,1,135,0.20000000298023224,5321,10,10
12:49:46,38.43,38.76,0.600000023841858,90,0.20000000298023224,5321,10,10
12:50:47,38.49,37.46,0.5,90,0.20000000298023224,5321,9,10
12:51:50,38.42,38.34,0.40000000596046448,135,0.20000000298023224,5353,9,10
12:52:54,38.41,38.07,0.5,90,0.20000000298023224,5418,10,10
12:53:56,38.34,37.43,0.5,135,0.20000000298023224,5418,10,10
12:54:58,38.24,37.3,0,135,0.20000000298023224,5385,9,10
12:56:02,38.31,37.57,0,135,0.20000000298023224,5321,10,10
12:57:05,38.41,37.38,0,180,0.20000000298023224,5257,10,10
12:58:07,38.47,37.14,0.600000023841858,135,0.20000000298023224,5192,8,10
12:59:10,38.37,36.92,0.600000023841858,90,0.20000000298023224,5128,10,10
13:00:15,38.19,36.72,0.300000011920929,135,0.20000000298023224,5096,10,10
13:01:16,38.08,36.83,0,135,0.20000000298023224,5031,8,10
13:02:19,38.03,38,0.600000023841858,135,0.20000000298023224,4999,9,10
13:03:22,38.02,37.54,0.300000011920929,135,0.20000000298023224,4935,8,10
13:04:25,38.06,37.91,0.5,45,0.20000000298023224,4870,10,10
13:05:28,38.13,36.99,0,135,0.20000000298023224,4772,9,10
13:06:30,38.1,37.12,0.20000000298023224,135,0.20000000298023224,4676,9,10
13:07:33,38.07,36.37,0.40000000596046448,135,0.20000000298023224,4611,9,10
13:08:36,38.01,37.15,0.40000000596046448,135,0.20000000298023224,4547,9,10
13:09:39,37.96,37.19,0.600000023841858,135,0.20000000298023224,4482,10,10
13:10:42,37.91,37.92,0.600000023841858,90,0.20000000298023224,4450,8,10
13:11:45,37.92,37.2,0,135,0.20000000298023224,4418,9,10
13:12:47,37.95,36.71,0.5,135,0.20000000298023224,4386,10,10
13:13:51,37.89,37.88,0.10000000149011612,180,0.20000000298023224,4321,9,10
13:14:54,37.92,38.58,0.300000011920929,90,0.20000000298023224,4257,10,10
13:15:57,37.98,38.45,0.20000000298023224,135,0.20000000298023224,4193,12,10
13:17:01,38,38.54,0.699999988079071,135,0.20000000298023224,4128,9,10
13:18:02,37.95,37.52,0.5,90,0.20000000298023224,4128,10,10
13:19:06,37.81,37.6,0,135,0.20000000298023224,4128,9,10
13:20:09,37.81,38.15,0,135,0.20000000298023224,4160,9,10
13:21:12,37.81,37.57,0.10000000149011612,90,0.20000000298023224,4160,8,10
13:22:15,37.72,37.43,0,135,0.20000000298023224,4193,9,10
13:23:18,37.74,37.71,0,135,0.20000000298023224,4225,9,10
13:24:22,37.71,38.11,0,135,0.20000000298023224,4160,10,10
13:25:24,37.73,38.48,0,135,0.20000000298023224,4128,8,10
13:26:27,37.75,38.19,0.10000000149011612,135,0.20000000298023224,4079,10,10
13:27:30,37.74,38.91,0.40000000596046448,135,0.20000000298023224,4047,10,10
13:28:33,37.64,36.02,0.600000023841858,135,0.20000000298023224,3998,10,10
13:29:36,37.36,36.69,0.20000000298023224,270,0.20000000298023224,3966,9,10
13:30:41,37.27,36.64,0,90,0.20000000298023224,3933,8,10
13:31:42,37.27,37.05,0,135,0.20000000298023224,3901,9,10
13:32:45,37.33,37.61,0,135,0.20000000298023224,3886,9,10
13:33:47,37.41,38.38,0,135,0.20000000298023224,3886,8,10
13:34:51,37.46,38.84,0.699999988079071,135,0.20000000298023224,3886,9,10
13:35:54,37.52,37.19,0,135,0.20000000298023224,3901,10,10
13:36:57,37.61,37.59,0.5,135,0.20000000298023224,3918,8,10
13:38:01,37.62,37.36,0.5,135,0.20000000298023224,3933,9,10
13:39:04,37.54,37.2,0,135,0.20000000298023224,3933,8,10
13:40:07,37.44,37.66,0.899999976158142,90,0.20000000298023224,3966,9,10
13:41:11,37.33,36.63,0.10000000149011612,135,0.20000000298023224,3998,8,10
13:42:13,37.18,35.96,0.699999988079071,135,0.20000000298023224,4015,9,10
13:43:16,37.07,36.42,0,135,0.20000000298023224,4015,9,10
13:44:19,37.06,37.5,0,135,0.20000000298023224,4031,9,10
13:45:21,37.14,37.73,0,135,0.20000000298023224,4031,10,10
13:47:27,37.25,38.11,0,135,0.20000000298023224,3998,8,10
13:48:31,37.31,39.82,0.5,135,0.20000000298023224,3966,8,10
13:49:34,37.31,38.59,0,180,0.20000000298023224,3950,9,10
13:50:38,37.32,38.73,0,180,0.20000000298023224,3933,9,10
13:51:40,37.3,39.69,0.20000000298023224,135,0.20000000298023224,3950,8,10
13:52:44,37.31,39.26,0,135,0.20000000298023224,3998,9,10
13:53:47,37.36,38.97,0,135,0.20000000298023224,4047,11,10
13:54:51,37.32,39.3,0.600000023841858,135,0.20000000298023224,4079,10,10
13:55:53,37.34,38.22,0.600000023841858,90,0.20000000298023224,4064,10,10
13:56:56,37.35,38.17,0.40000000596046448,90,0.20000000298023224,4064,10,10
13:57:58,37.27,38.2,0.10000000149011612,90,0.20000000298023224,4047,9,10
13:59:01,37.22,38.17,0,135,0.20000000298023224,4031,9,10
14:00:04,37.24,38.27,0,135,0.20000000298023224,4031,10,10
14:01:07,37.23,37.95,0,135,0.20000000298023224,4015,10,10
14:02:10,37.22,38.49,0,180,0.20000000298023224,3966,10,10
14:03:13,37.23,38.39,0,135,0.20000000298023224,3901,10,10
14:04:16,37.24,38.62,0,180,0.20000000298023224,3854,10,10
14:05:20,37.23,38.54,0.20000000298023224,135,0.20000000298023224,3805,9,10
14:06:21,37.21,38.24,0,135,0.20000000298023224,3772,9,10
14:07:25,37.22,38.52,0,135,0.20000000298023224,3740,11,10
14:08:28,37.22,38.06,0,135,0.20000000298023224,3725,9,10
14:09:30,37.24,38.19,0,135,0.20000000298023224,3708,10,10
14:10:33,37.24,38.49,0,0,0.20000000298023224,3676,10,10
14:11:36,37.1,37.29,0.40000000596046448,0,0.20000000298023224,3644,10,10
14:12:39,36.94,37.4,0.600000023841858,0,0.20000000298023224,3628,9,10
14:13:42,36.84,37.47,0.300000011920929,225,0.20000000298023224,3611,11,10
14:14:46,36.77,37.33,0.300000011920929,45,0.20000000298023224,3628,9,10
14:15:48,36.76,37.67,0,135,0.20000000298023224,3660,10,10
14:17:54,36.82,37.71,0.300000011920929,225,0.20000000298023224,3693,10,10
14:18:58,36.85,37.84,0,135,0.20000000298023224,3708,10,10
14:20:00,36.89,38.42,0,135,0.20000000298023224,3693,9,10
14:21:03,36.93,38.25,0,135,0.20000000298023224,3693,9,10
14:22:08,36.95,38.05,0,135,0.20000000298023224,3660,9,10
14:23:08,36.94,37.4,1.1000000238418579,0,0.20000000298023224,3628,9,10
14:24:12,36.82,37.3,0.600000023841858,45,0.20000000298023224,3595,10,10
14:25:15,36.81,37.49,0.20000000298023224,135,0.20000000298023224,3547,9,10
14:26:18,36.86,37.6,0,135,0.20000000298023224,3483,8,10
14:27:21,36.94,37.89,0,135,0.20000000298023224,3434,8,10
14:28:24,37.03,37.64,0.300000011920929,0,0.20000000298023224,3402,9,10
14:29:29,37.07,38.28,0,135,0.20000000298023224,3386,8,10
14:30:30,37.06,38.03,0,135,0.20000000298023224,3369,10,10
14:31:33,37.12,37.66,0,135,0.20000000298023224,3337,8,10
14:32:36,37.19,38.21,0,135,0.20000000298023224,3305,8,10
14:33:39,37.19,37.36,0.10000000149011612,135,0.20000000298023224,3273,9,10
14:34:42,37.16,37.7,0.20000000298023224,0,0.20000000298023224,3241,10,10
14:35:45,37.07,36.89,0.10000000149011612,45,0.20000000298023224,3208,8,10
14:36:50,36.97,37.12,0.10000000149011612,270,0.20000000298023224,3144,9,10
14:37:52,36.99,37.32,0,135,0.20000000298023224,3112,9,10
14:38:54,37.06,37.72,0,90,0.20000000298023224,3063,8,10
14:39:57,37.07,37.46,0,135,0.20000000298023224,3031,8,10
14:41:00,37.08,37.18,0,45,0.20000000298023224,2998,8,10
14:42:03,37.09,35.97,0.10000000149011612,225,0.20000000298023224,2983,8,10
14:43:06,37.04,35.97,0,135,0.20000000298023224,2966,8,10
14:44:09,37.04,36.55,0,135,0.20000000298023224,2951,8,10
14:45:12,37.05,36.96,0.10000000149011612,135,0.20000000298023224,2934,8,10
14:46:15,37.07,36.88,0,180,0.20000000298023224,2934,9,10
14:47:18,37.1,36.74,0,135,0.20000000298023224,2934,8,10
14:48:21,37.15,36.9,0,135,0.20000000298023224,2934,8,10
14:49:24,37.18,36.99,0,135,0.20000000298023224,2934,7,10
14:50:27,37.21,36.64,0.10000000149011612,135,0.20000000298023224,2934,8,10
14:51:30,37.23,37.2,0,135,0.20000000298023224,2934,8,10
14:52:33,37.22,36.88,0,315,0.20000000298023224,2919,8,10
14:53:36,37.12,37.24,0,180,0.20000000298023224,2919,9,10
14:54:39,37.08,36.7,0,135,0.20000000298023224,2902,8,10
14:55:42,37.11,36.59,0,135,0.20000000298023224,2902,7,10
14:57:48,37.16,36.98,0.20000000298023224,135,0.20000000298023224,2854,8,10
14:58:51,37.18,36.82,0,135,0.20000000298023224,2854,9,10
14:59:53,37.22,36.94,0,135,0.20000000298023224,2837,8,10
15:00:57,37.21,36.45,0,135,0.20000000298023224,2837,8,10
15:01:59,37.25,36.24,0,135,0.20000000298023224,2822,10,10
15:03:04,37.24,36.7,0.10000000149011612,135,0.20000000298023224,2805,9,10
15:04:06,37.15,36.48,0,135,0.20000000298023224,2805,7,10
15:05:09,37.1,36.16,0,135,0.20000000298023224,2788,8,10
15:06:13,37.14,35.55,0,135,0.20000000298023224,2773,7,10
15:07:15,37.15,35.67,0.10000000149011612,135,0.20000000298023224,2756,8,10
15:08:18,37.11,35.41,0.300000011920929,90,0.20000000298023224,2741,9,10
15:09:22,37.09,35.46,0,135,0.20000000298023224,2724,7,10
15:10:25,37.12,35.34,0,135,0.20000000298023224,2724,8,10
15:11:28,37.16,35.19,0,135,0.20000000298023224,2741,8,10
15:12:31,37.18,35.05,0,135,0.20000000298023224,2756,7,10
15:13:33,37.19,35.22,0,135,0.20000000298023224,2773,8,10
15:14:37,37.2,35.18,0,135,0.20000000298023224,2788,8,10
15:15:40,37.22,35.08,0,135,0.20000000298023224,2788,8,10
15:16:44,37.25,35.02,0,135,0.20000000298023224,2788,7,10
15:17:47,37.27,35.14,0,135,0.20000000298023224,2805,9,10
15:18:50,37.26,35.15,0,135,0.20000000298023224,2805,8,10
15:19:53,37.26,35.16,0,135,0.20000000298023224,2805,8,10
15:20:56,37.23,35.37,0,45,0.20000000298023224,2805,8,10
15:22:00,37.21,35.42,0,180,0.20000000298023224,2788,8,10
15:24:06,37.3,36.32,0,135,0.20000000298023224,2788,8,10
15:25:10,37.31,36.59,0.40000000596046448,135,0.20000000298023224,2788,9,10
15:26:13,37.27,35.42,0,135,0.20000000298023224,2773,10,10
15:27:16,37.21,35.91,0,135,0.20000000298023224,2741,8,10
15:28:19,37.22,35.68,0,135,0.20000000298023224,2724,10,10
15:29:22,37.24,35.43,0,135,0.20000000298023224,2709,8,10
15:30:24,37.25,35.4,0,135,0.20000000298023224,2692,8,10
15:31:27,37.26,35.43,0,135,0.20000000298023224,2660,10,10
15:32:30,37.25,35.42,0,135,0.20000000298023224,2660,8,10
15:33:32,37.26,35.15,0,135,0.20000000298023224,2644,8,10
15:34:35,37.3,35.11,0,135,0.20000000298023224,2644,9,10
15:35:38,37.34,34.87,0,135,0.20000000298023224,2627,9,10
15:36:42,37.36,35.07,0,135,0.20000000298023224,2595,8,10
15:37:44,37.38,35.46,0,135,0.20000000298023224,2548,8,10
15:38:48,37.36,35.3,0,135,0.20000000298023224,2531,9,10
15:39:51,37.38,36.33,0,135,0.20000000298023224,2515,8,10
15:40:55,37.38,35.88,0,135,0.20000000298023224,2499,8,10
15:41:58,37.39,36.58,0.20000000298023224,135,0.20000000298023224,2483,9,10
15:43:01,37.36,37.02,0,135,0.20000000298023224,2483,10,10
15:44:04,37.33,35.77,0,135,0.20000000298023224,2466,8,10
15:45:07,37.34,35.54,0,135,0.20000000298023224,2451,8,10
15:46:11,37.37,35.43,0,135,0.20000000298023224,2451,9,10
15:47:14,37.4,35.56,0,135,0.20000000298023224,2451,9,10
15:48:17,37.42,36.26,0,135,0.20000000298023224,2434,10,10
15:49:20,37.44,36.17,0,135,0.20000000298023224,2434,8,10
15:50:23,37.44,36.49,0,135,0.20000000298023224,2434,8,10
15:51:26,37.42,35.66,0,135,0.20000000298023224,2419,9,10
15:52:29,37.43,35.46,0,135,0.20000000298023224,2434,9,10
15:53:32,37.44,36.51,0,135,0.20000000298023224,2434,8,10
15:54:37,37.43,36.58,0,135,0.20000000298023224,2419,8,10
15:55:38,37.44,35.89,0,135,0.20000000298023224,2419,8,10
15:56:41,37.45,35.86,0,135,0.20000000298023224,2402,8,10
15:57:44,37.46,35.88,0,135,0.20000000298023224,2385,9,10
15:58:47,37.46,36.21,0,135,0.20000000298023224,2385,10,10
15:59:50,37.45,36.93,0,135,0.20000000298023224,2370,9,10
16:00:53,37.43,36.63,0,135,0.20000000298023224,2353,9,10
16:01:56,37.44,36.62,0,135,0.20000000298023224,2321,9,10
16:02:59,37.47,36.21,0,135,0.20000000298023224,2305,9,10
16:04:02,37.48,35.06,0,135,0.20000000298023224,2305,9,10
16:05:06,37.51,35.02,0,135,0.20000000298023224,2305,9,10
16:06:08,37.53,35.53,0,135,0.20000000298023224,2353,9,10
16:07:11,37.53,35.07,0,135,0.20000000298023224,2402,9,10
16:08:14,37.53,35.71,0,135,0.20000000298023224,2419,9,10
16:09:17,37.51,35.85,0,135,0.20000000298023224,2451,9,10
16:10:20,37.49,35.93,0,135,0.20000000298023224,2451,8,10
16:11:24,37.48,36.48,0,135,0.20000000298023224,2451,9,10
16:12:26,37.47,35.29,0,135,0.20000000298023224,2434,9,10
16:13:29,37.46,34.83,0,135,0.20000000298023224,2419,9,10
16:14:32,37.49,35.66,0,135,0.20000000298023224,2353,7,10
16:15:35,37.45,34.94,0,135,0.20000000298023224,2273,9,10
16:16:38,37.39,34.83,0,135,0.20000000298023224,2224,9,10
16:17:41,37.38,34.96,0,180,0.20000000298023224,2224,9,10
16:18:45,37.35,35.17,0,180,0.20000000298023224,2256,9,10
16:19:48,37.32,34.55,0,135,0.20000000298023224,2370,8,10
16:20:51,37.3,35.66,0,135,0.20000000298023224,2515,10,10
16:21:54,37.27,36.7,0,135,0.20000000298023224,2627,8,10
16:22:58,37.25,35.66,0,135,0.20000000298023224,2724,8,10
16:24:00,37.27,35.6,0,135,0.20000000298023224,2756,8,10
16:25:05,37.25,34.65,0,135,0.20000000298023224,2709,9,10
16:26:06,37.26,34.64,0,135,0.20000000298023224,2660,9,10
16:27:10,37.27,34.59,0,135,0.20000000298023224,2627,8,10
16:28:13,37.3,34.76,0,135,0.20000000298023224,2580,9,10
16:29:16,37.32,34.71,0,135,0.20000000298023224,2499,9,10
16:30:19,37.32,35.07,0,135,0.20000000298023224,2385,7,10
16:31:22,37.3,35.3,0,135,0.20000000298023224,2321,8,10
16:32:27,37.29,35.25,0,135,0.20000000298023224,2289,10,10
16:33:28,37.3,34.95,0,135,0.20000000298023224,2338,8,10
16:34:31,37.28,35.21,0,135,0.20000000298023224,2402,9,10
16:35:34,37.23,35.54,0,135,0.20000000298023224,2499,9,10
16:36:38,37.23,36.11,0,135,0.20000000298023224,2531,9,10
16:38:43,37.19,35.28,0,135,0.20000000298023224,2580,8,10
16:39:48,37.21,35.27,0,135,0.20000000298023224,2595,8,10
16:40:49,37.22,35.29,0,135,0.20000000298023224,2595,10,10
16:41:52,37.22,36.69,0,135,0.20000000298023224,2595,9,10
16:42:54,37.18,36.38,0,135,0.20000000298023224,2595,9,10
16:43:57,37.18,36.05,0,135,0.20000000298023224,2548,9,10
16:45:01,37.2,36.26,0,135,0.20000000298023224,2466,9,10
16:46:04,37.17,35.3,0,135,0.20000000298023224,2385,9,10
16:47:08,37.18,34.45,0.300000011920929,90,0.20000000298023224,2338,8,10
16:48:11,37.21,34.27,0,135,0.20000000298023224,2321,9,10
16:49:14,37.25,33.96,0,180,0.20000000298023224,2370,9,10
16:50:16,37.28,34,0.699999988079071,45,0.20000000298023224,2451,9,10
16:51:19,37.26,33.88,0,135,0.20000000298023224,2563,9,10
16:52:23,37.25,33.75,0,135,0.20000000298023224,2692,9,10
16:53:28,37.24,33.86,0,135,0.20000000298023224,2854,9,10
16:54:29,37.25,33.97,0,180,0.20000000298023224,3031,9,10
16:55:32,37.22,34.16,0,180,0.20000000298023224,3192,8,10
16:56:34,37.23,34.52,0,135,0.20000000298023224,3337,9,10
16:57:37,37.23,34.98,0,135,0.20000000298023224,3434,9,10
16:58:41,37.21,35.23,0,135,0.20000000298023224,3530,9,10
16:59:44,37.16,36.66,0,135,0.20000000298023224,3547,8,10
17:00:47,37.18,36.54,0,135,0.20000000298023224,3483,8,10
17:01:51,37.19,35.63,0,135,0.20000000298023224,3337,8,10
17:02:53,37.17,36.36,0,135,0.20000000298023224,3176,9,10
17:03:56,37.17,36.31,0,135,0.20000000298023224,3015,9,10
17:04:59,37.16,36.13,0,135,0.20000000298023224,2870,9,10
17:06:02,37.16,36.01,0,135,0.20000000298023224,2756,8,10
17:07:06,37.15,36.16,0,135,0.20000000298023224,2676,11,10
17:08:08,37.14,36.64,0,135,0.20000000298023224,2627,9,10
17:09:11,37.13,37.08,0,135,0.20000000298023224,2563,9,10
17:10:15,37.13,37.94,0,135,0.20000000298023224,2499,8,10
17:11:17,37.1,38.49,0,135,0.20000000298023224,2385,8,10
17:12:20,37.1,38.57,0,135,0.20000000298023224,2256,9,10
17:13:22,37.07,37.85,0,135,0.20000000298023224,2160,10,10
17:14:25,37.03,38.36,0,135,0.20000000298023224,2095,10,10
17:15:28,36.99,37.91,0,135,0.20000000298023224,2055,9,10
17:16:31,36.97,39.53,0,135,0.20000000298023224,2031,10,10
17:17:35,36.93,40.06,0,135,0.20000000298023224,1999,10,10
17:18:36,36.88,40.49,0,135,0.20000000298023224,1999,10,10
17:19:39,36.85,40.47,0,135,0.20000000298023224,1958,9,10
17:20:42,36.81,40.1,0,135,0.20000000298023224,1982,10,10
17:21:46,36.8,39.27,0,135,0.20000000298023224,2031,10,10
17:22:49,36.79,39.16,0,135,0.20000000298023224,2095,8,10
17:23:51,36.76,38.9,0,135,0.20000000298023224,2144,10,10
17:24:54,36.75,39.11,0,135,0.20000000298023224,2177,10,10
17:25:57,36.75,39.58,0,135,0.20000000298023224,2177,10,10
17:27:02,36.73,39.07,0,135,0.20000000298023224,2241,10,10
17:28:04,36.73,39.22,0,135,0.20000000298023224,2289,10,10
17:29:07,36.74,39.32,0,135,0.20000000298023224,2353,10,10
17:30:10,36.73,39.01,0,135,0.20000000298023224,2385,10,10
17:31:13,36.71,40.13,0,135,0.20000000298023224,2419,10,10
17:32:16,36.69,38.8,0,135,0.20000000298023224,2434,10,10
17:33:19,36.7,39.65,0,135,0.20000000298023224,2419,10,10
17:34:22,36.67,39.33,0,135,0.20000000298023224,2385,9,10
17:35:24,36.68,38.21,0,135,0.20000000298023224,2370,9,10
17:36:27,36.73,37.2,0,135,0.20000000298023224,2321,11,10
17:37:31,36.77,37.92,0,135,0.20000000298023224,2273,10,10
17:38:34,36.77,36.85,0,135,0.20000000298023224,2256,9,10
17:39:36,36.76,38.11,0,135,0.20000000298023224,2241,9,10
17:40:40,36.71,38.51,0,135,0.20000000298023224,2192,9,10
17:41:42,36.67,38.42,0,135,0.20000000298023224,2160,10,10
17:42:45,36.64,39.15,0,135,0.20000000298023224,2112,11,10
17:43:48,36.61,39.12,0,135,0.20000000298023224,2095,9,10
17:44:51,36.61,39.23,0,135,0.20000000298023224,2048,11,10
17:45:54,36.61,39.51,0,135,0.20000000298023224,1999,9,10
17:46:58,36.57,39.44,0,135,0.20000000298023224,1958,9,10
17:47:59,36.55,40.19,0,135,0.20000000298023224,1926,9,10
17:49:02,36.5,38.91,0,135,0.20000000298023224,1917,9,10
17:50:05,36.49,39.76,0,135,0.20000000298023224,1910,9,10
17:51:08,36.49,39.74,0,135,0.20000000298023224,1885,9,10
17:52:10,36.5,39.44,0,135,0.20000000298023224,1861,11,10
17:53:13,36.5,39.83,0,135,0.20000000298023224,1829,10,10
17:54:17,36.49,39.59,0,135,0.20000000298023224,1821,9,10
17:55:20,36.5,39.78,0,135,0.20000000298023224,1821,9,10
17:56:23,36.52,39.67,0,135,0.20000000298023224,1829,9,10
17:57:26,36.53,39.51,0,135,0.20000000298023224,1838,10,10
17:58:30,36.55,39.26,0,135,0.20000000298023224,1838,10,10
17:59:33,36.55,40.4,0,135,0.20000000298023224,1846,9,10
18:00:36,36.5,40.91,0,135,0.20000000298023224,1885,10,10
18:01:39,36.57,40.59,0,135,0.20000000298023224,2177,10,10
18:02:42,36.6,41.87,0,135,0.20000000298023224,2434,10,10
18:03:45,36.57,41.42,0,135,0.20000000298023224,2289,9,10
18:04:48,36.51,41.52,0,135,0.20000000298023224,1878,10,10
18:05:51,36.47,40.4,0,135,0.20000000298023224,1748,11,10
18:06:54,36.48,40.59,0,135,0.20000000298023224,1741,10,10
18:07:57,36.47,40.68,0,135,0.20000000298023224,1733,10,10
18:09:01,36.48,39.67,0,135,0.20000000298023224,1733,10,10
18:10:04,36.52,40.58,0,135,0.20000000298023224,1733,11,10
18:11:06,36.5,40.68,0,135,0.20000000298023224,1716,10,10
18:12:09,36.48,40.78,0,135,0.20000000298023224,1716,10,10
18:13:12,36.46,40.51,0,135,0.20000000298023224,1724,10,10
18:14:14,36.45,41.62,0,135,0.20000000298023224,1716,11,10
18:15:18,36.46,39.39,0,135,0.20000000298023224,1709,11,10
18:16:20,36.47,41.48,0,135,0.20000000298023224,1701,12,10
18:17:24,36.39,41.27,0,135,0.20000000298023224,1668,11,10
18:18:27,36.38,40.97,0,135,0.20000000298023224,1636,11,10
18:19:30,36.38,41.16,0,135,0.20000000298023224,1587,14,10
18:20:33,36.36,41.22,0,135,0.20000000298023224,1523,12,10
18:22:39,36.36,41.23,0,135,0.20000000298023224,1435,10,10
18:23:42,36.36,41.36,0,135,0.20000000298023224,1394,11,10
18:24:47,36.34,41.77,0,135,0.20000000298023224,1362,12,10
18:25:48,36.31,40.74,0,90,0.20000000298023224,1321,11,10
18:26:52,36.34,40.08,0,135,0.20000000298023224,1281,11,10
18:27:55,36.35,42.32,0,135,0.20000000298023224,1241,10,10
18:28:58,36.31,42.15,0,135,0.20000000298023224,1201,10,10
18:30:01,36.29,42.13,0,135,0.20000000298023224,1104,10,10
18:31:04,36.27,42.53,0,135,0.20000000298023224,1047,11,10
18:32:07,36.21,42.17,0,135,0.20000000298023224,1003,10,10
18:33:10,36.19,42.78,0,135,0.20000000298023224,963,11,10
18:34:14,36.17,43,0,135,0.20000000298023224,935,10,10
18:35:17,36.15,42.98,0,135,0.20000000298023224,930,11,10
18:36:20,36.11,43.17,0,135,0.20000000298023224,954,11,10
18:37:22,36.09,43.49,0,135,0.20000000298023224,995,11,10
18:38:27,36.09,43.01,0,135,0.20000000298023224,1003,10,10
18:39:29,36.09,42.65,0,135,0.20000000298023224,982,10,10
18:40:32,36.07,43.05,0,135,0.20000000298023224,954,10,10
18:41:35,36.05,43.19,0,135,0.20000000298023224,930,11,10
18:42:38,36.03,42.96,0,135,0.20000000298023224,922,12,10
18:43:40,36.02,42.8,0,135,0.20000000298023224,946,11,10
18:44:43,36.03,42.58,0,135,0.20000000298023224,958,10,10
18:45:46,36.03,42.59,0,135,0.20000000298023224,946,11,10
18:46:49,36.01,42.89,0,135,0.20000000298023224,914,11,10
18:47:52,35.99,42.49,0,135,0.20000000298023224,862,12,10
18:48:56,35.95,43.17,0,135,0.20000000298023224,802,10,10
18:49:59,35.93,43.34,0,135,0.20000000298023224,749,11,10
18:51:02,35.92,42.74,0,135,0.20000000298023224,705,11,10
18:52:06,35.91,43.41,0,135,0.20000000298023224,660,11,10
18:53:09,35.86,43.68,0,135,0.20000000298023224,611,9,10
18:54:11,35.87,43.42,0,135,0.20000000298023224,555,9,10
18:55:15,35.83,43.07,0,135,0.20000000298023224,503,11,10
18:56:19,35.77,44.05,0,135,0.20000000298023224,454,11,10
18:57:21,35.74,44.83,0,135,0.20000000298023224,413,11,10
18:58:24,35.75,44.67,0,135,0.20000000298023224,376,12,10
18:59:27,35.78,45.12,0,135,0.20000000298023224,344,11,10
19:00:32,35.78,45.14,0,135,0.20000000298023224,317,11,10
19:01:33,35.76,45.07,0,135,0.20000000298023224,291,11,10
19:02:36,35.72,44.98,0,135,0.20000000298023224,266,12,10
19:03:40,35.73,44.59,0,135,0.20000000298023224,237,11,10
19:04:42,35.75,45.6,0,135,0.20000000298023224,212,11,10
19:06:49,35.66,45.99,0,135,0.20000000298023224,168,11,10
19:07:52,35.64,45.9,0,135,0.20000000298023224,151,11,10
19:08:56,35.66,46.5,0,135,0.20000000298023224,135,12,10
19:09:59,35.65,45.84,0,135,0.20000000298023224,120,11,10
19:11:02,35.66,45.63,0,135,0.20000000298023224,106,12,10
19:12:05,35.64,45.53,0,135,0.20000000298023224,93,12,10
19:13:09,35.63,43.76,0,135,0.20000000298023224,82,13,10
19:14:12,35.65,43.73,0,135,0.20000000298023224,72,13,10
19:15:15,35.68,43.64,0,135,0.20000000298023224,64,14,10
19:16:18,35.68,43.65,0.10000000149011612,135,0.20000000298023224,56,14,10
19:17:21,35.66,43.67,0,135,0.20000000298023224,49,16,10
19:18:26,35.63,43.86,0.300000011920929,135,0.20000000298023224,42,20,10
19:19:27,35.6,44.5,0,135,0.20000000298023224,36,21,10
19:20:30,35.56,44.43,0,135,0.20000000298023224,30,24,10
19:21:33,35.55,44.34,0,135,0.20000000298023224,26,23,10
19:22:36,35.57,44.34,0,135,0.20000000298023224,22,23,10
19:23:39,35.58,44.41,0,135,0.20000000298023224,19,20,10
19:24:42,35.58,44.41,0,135,0.20000000298023224,15,25,10
19:25:46,35.58,44.48,0,135,0.20000000298023224,12,24,10
19:26:49,35.56,44.69,0.20000000298023224,135,0.20000000298023224,11,24,10
19:27:52,35.54,44.78,0.300000011920929,135,0.20000000298023224,8,22,10
19:28:55,35.51,44.79,0,135,0.20000000298023224,7,21,10
19:29:58,35.5,44.86,0,135,0.20000000298023224,5,20,10
19:31:00,35.5,44.92,0.10000000149011612,135,0.20000000298023224,5,20,10
19:32:04,35.49,44.88,0,135,0.20000000298023224,4,18,10
19:33:07,35.5,44.85,0,135,0.20000000298023224,2,18,10
19:34:10,35.49,45.85,0,135,0.20000000298023224,2,18,10
19:35:13,35.44,45.61,0,135,0.20000000298023224,2,16,10
19:36:16,35.42,46.01,0,135,0.20000000298023224,1,19,10
19:37:19,35.39,44.84,0,135,0.20000000298023224,1,20,10
19:38:22,35.45,44.76,0,135,0.20000000298023224,1,17,10
19:39:25,35.46,44.83,0,135,0.20000000298023224,1,17,10
19:40:29,35.46,44.74,0,135,0.20000000298023224,1,16,10
19:41:32,35.47,44.55,0,135,0.20000000298023224,1,17,10
19:42:36,35.48,44.89,0,135,0.20000000298023224,1,16,10
19:43:38,35.45,44.79,0,135,0.20000000298023224,1,16,10
19:44:43,35.46,44.71,0,135,0.20000000298023224,1,17,10
19:46:47,35.48,45.23,0,135,0.20000000298023224,1,15,10
19:47:51,35.46,45.74,0,135,0.20000000298023224,1,15,10
19:48:53,35.45,46.12,0,135,0.20000000298023224,1,17,10
19:49:56,35.37,46.62,0,135,0.20000000298023224,1,16,10
19:51:00,35.28,46.48,0,135,0.20000000298023224,1,16,10
19:52:04,35.26,46.42,0,135,0.20000000298023224,1,17,10
19:53:06,35.21,46.75,0,135,0.20000000298023224,1,17,10
19:54:09,35.17,46.79,0,135,0.20000000298023224,1,16,10
19:55:12,35.13,46.89,0,135,0.20000000298023224,1,16,10
19:56:16,35.12,46.69,0,135,0.20000000298023224,1,15,10
19:57:17,35.11,47.02,0,135,0.20000000298023224,1,15,10
19:58:20,35.1,46.97,0,135,0.20000000298023224,1,16,10
19:59:24,35.11,47.04,0,135,0.20000000298023224,1,16,10
20:00:29,35.08,47.03,0,135,0.20000000298023224,1,16,10
20:01:30,35.04,47.22,0,135,0.20000000298023224,1,15,10
20:02:34,35.02,47.51,0,135,0.20000000298023224,1,16,10
20:03:36,35.01,47.14,0,135,0.20000000298023224,1,15,10
20:04:39,35.03,47.12,0,135,0.20000000298023224,1,16,10
20:05:42,35.04,47.5,0,135,0.20000000298023224,1,14,10
20:06:46,35.03,47.29,0,135,0.20000000298023224,1,14,10
20:07:49,35.02,46.79,0,135,0.20000000298023224,1,15,10
20:08:52,35.03,47.28,0,135,0.20000000298023224,1,16,10
20:09:56,35.03,47.51,0,135,0.20000000298023224,1,15,10
20:10:59,35.02,47.44,0,135,0.20000000298023224,1,15,10
20:12:03,35,47.33,0,135,0.20000000298023224,1,14,10
20:13:06,35.03,47.28,0,135,0.20000000298023224,1,14,10
20:14:08,35.01,47.53,0,135,0.20000000298023224,1,14,10
20:15:12,35.01,47.31,0,135,0.20000000298023224,1,14,10
20:16:14,35,47.52,0,135,0.20000000298023224,1,14,10
20:17:17,34.96,47.68,0,135,0.20000000298023224,1,14,10
20:18:21,34.95,47.72,0,135,0.20000000298023224,1,15,10
20:19:23,34.9,47.92,0,135,0.20000000298023224,1,14,10
20:20:26,34.91,47.92,0,135,0.20000000298023224,1,14,10
20:21:29,34.89,47.99,0,135,0.20000000298023224,1,13,10
20:22:32,34.89,47.99,0,135,0.20000000298023224,1,14,10
20:23:35,34.89,47.92,0,135,0.20000000298023224,1,14,10
20:24:38,34.87,48.29,0,135,0.20000000298023224,1,14,10
20:25:41,34.85,48.64,0,135,0.20000000298023224,1,13,10
20:26:44,34.83,48.6,0,135,0.20000000298023224,1,14,10
20:27:48,34.81,48.46,0,135,0.20000000298023224,1,14,10
20:28:52,34.8,48.64,0,135,0.20000000298023224,1,14,10
20:29:54,34.78,48.49,0,135,0.20000000298023224,1,14,10
20:30:57,34.76,48.96,0,135,0.20000000298023224,1,16,10
20:32:00,34.75,48.83,0,135,0.20000000298023224,1,14,10
20:33:03,34.76,48.76,0,135,0.20000000298023224,1,14,10
20:34:06,34.76,48.85,0,135,0.20000000298023224,1,14,10
20:35:09,34.75,49.09,0,135,0.20000000298023224,1,14,10
20:36:14,34.73,48.76,0,135,0.20000000298023224,1,14,10
20:37:16,34.73,48.95,0,135,0.20000000298023224,1,14,10
20:38:19,34.75,49.12,0,135,0.20000000298023224,1,13,10
20:39:22,34.75,49.19,0,135,0.20000000298023224,1,14,10
20:40:27,34.75,49.12,0,135,0.20000000298023224,1,14,10
20:41:28,34.76,49.29,0,135,0.20000000298023224,1,12,10
20:42:31,34.76,49.08,0,135,0.20000000298023224,1,14,10
20:43:34,34.77,49.24,0,135,0.20000000298023224,1,13,10
20:44:37,34.77,49.53,0,135,0.20000000298023224,1,13,10
20:45:41,34.76,49.76,0,135,0.20000000298023224,1,13,10
20:46:44,34.75,49.94,0,135,0.20000000298023224,1,13,10
20:47:47,34.73,50.15,0,135,0.20000000298023224,1,14,10
20:48:51,34.69,50.41,0,135,0.20000000298023224,1,14,10
20:49:54,34.66,49.84,0,135,0.20000000298023224,1,14,10
20:50:58,34.65,50.37,0,135,0.20000000298023224,1,13,10
20:51:59,34.65,50.66,0,135,0.20000000298023224,1,14,10
20:53:02,34.64,50.98,0,135,0.20000000298023224,1,13,10
20:54:06,34.65,50.97,0,135,0.20000000298023224,1,14,10
20:55:09,34.64,51.04,0,135,0.20000000298023224,1,14,10
20:56:12,34.62,51.43,0,135,0.20000000298023224,1,14,10
20:57:15,34.59,51.38,0,135,0.20000000298023224,1,13,10
20:58:19,34.6,51.46,0,135,0.20000000298023224,1,12,10
20:59:21,34.62,51.59,0,135,0.20000000298023224,1,13,10
21:00:25,34.63,51.77,0,135,0.20000000298023224,1,12,10
21:01:28,34.63,51.62,0,135,0.20000000298023224,1,13,10
21:02:31,34.61,51.73,0,135,0.20000000298023224,1,13,10
21:03:35,34.6,51.97,0,135,0.20000000298023224,1,15,10
21:04:36,34.59,52.05,0,135,0.20000000298023224,1,13,10
21:05:40,34.6,52.37,0,135,0.20000000298023224,1,14,10
21:06:43,34.58,52.35,0,135,0.20000000298023224,1,13,10
21:07:46,34.57,52.37,0,135,0.20000000298023224,1,14,10
21:08:49,34.56,52.49,0,135,0.20000000298023224,1,13,10
21:09:52,34.56,52.74,0,135,0.20000000298023224,1,13,10
21:10:56,34.56,52.58,0,135,0.20000000298023224,1,13,10
21:11:58,34.53,52.82,0,135,0.20000000298023224,1,13,10
21:13:03,34.51,52.83,0,135,0.20000000298023224,1,12,10
21:14:05,34.52,52.85,0,135,0.20000000298023224,1,12,10
21:15:07,34.53,53.44,0,135,0.20000000298023224,1,13,10
21:16:11,34.52,52.71,0,135,0.20000000298023224,1,13,10
21:17:14,34.53,52.54,0,135,0.20000000298023224,1,13,10
21:18:17,34.53,52.84,0,135,0.20000000298023224,1,13,10
21:19:20,34.52,53.21,0,135,0.20000000298023224,1,13,10
21:20:23,34.51,53.31,0,135,0.20000000298023224,1,14,10
21:21:26,34.5,53.2,0,135,0.20000000298023224,1,13,10
21:22:29,34.49,53.25,0,135,0.20000000298023224,1,13,10
21:23:32,34.49,53.52,0,135,0.20000000298023224,1,14,10
21:24:35,34.47,53.65,0,135,0.20000000298023224,1,14,10
21:25:38,34.47,53.53,0,135,0.20000000298023224,1,13,10
21:26:41,34.46,53.49,0,135,0.20000000298023224,1,13,10
21:27:45,34.45,53.56,0,135,0.20000000298023224,1,13,10
21:28:48,34.44,53.73,0,135,0.20000000298023224,1,14,10
21:29:51,34.44,53.6,0,135,0.20000000298023224,1,13,10
21:30:55,34.45,53.71,0,135,0.20000000298023224,1,13,10
21:31:58,34.44,54.02,0,135,0.20000000298023224,1,14,10
21:33:02,34.44,53.48,0,135,0.20000000298023224,1,13,10
21:34:03,34.45,53.75,0,135,0.20000000298023224,1,13,10
21:35:07,34.45,53.75,0,135,0.20000000298023224,1,14,10
21:36:11,34.45,54.11,0,135,0.20000000298023224,1,13,10
21:37:13,34.44,54.23,0,135,0.20000000298023224,1,15,10
21:38:16,34.43,54,0,135,0.20000000298023224,1,12,10
21:39:20,34.42,53.8,0,135,0.20000000298023224,1,14,10
21:40:25,34.41,54.04,0,135,0.20000000298023224,1,14,10
21:41:26,34.43,53.89,0,135,0.20000000298023224,1,14,10
21:42:29,34.43,53.92,0,135,0.20000000298023224,1,14,10
21:43:32,34.42,54.05,0,135,0.20000000298023224,1,14,10
21:44:35,34.43,53.94,0,135,0.20000000298023224,1,15,10
21:45:38,34.44,54.18,0,135,0.20000000298023224,1,13,10
21:46:41,34.44,54.44,0,135,0.20000000298023224,1,15,10
21:47:44,34.42,54.27,0,135,0.20000000298023224,1,15,10
21:48:48,34.41,54.29,0,135,0.20000000298023224,1,13,10
21:49:51,34.38,54.13,0,135,0.20000000298023224,1,14,10
21:50:54,34.36,54.01,0,135,0.20000000298023224,1,14,10
21:51:57,34.37,54.15,0,135,0.20000000298023224,1,14,10
21:53:00,34.36,53.85,0,135,0.20000000298023224,1,14,10
21:54:03,34.34,54.07,0,135,0.20000000298023224,1,15,10
21:55:06,34.3,53.99,0,135,0.20000000298023224,1,15,10
21:56:09,34.28,54.12,0,135,0.20000000298023224,1,15,10
21:57:12,34.26,54.54,0,135,0.20000000298023224,1,15,10
21:58:17,34.24,53.83,0,135,0.20000000298023224,1,15,10
21:59:18,34.24,54.02,0,135,0.20000000298023224,1,14,10
22:00:21,34.27,53.83,0,135,0.20000000298023224,1,15,10
22:01:25,34.29,53.86,0,135,0.20000000298023224,1,14,10
22:02:28,34.28,53.87,0,135,0.20000000298023224,1,13,10
22:03:31,34.26,53.85,0,135,0.20000000298023224,1,13,10
22:04:34,34.25,53.71,0,135,0.20000000298023224,1,15,10
22:05:37,34.25,53.73,0,135,0.20000000298023224,1,15,10
22:06:40,34.22,53.91,0,135,0.20000000298023224,1,14,10
22:07:45,34.21,53.93,0,135,0.20000000298023224,1,16,10
22:08:46,34.23,54.19,0,135,0.20000000298023224,1,15,10
22:09:49,34.22,53.95,0,135,0.20000000298023224,1,17,10
22:10:52,34.22,53.78,0,135,0.20000000298023224,1,16,10
22:11:55,34.21,53.49,0,135,0.20000000298023224,1,15,10
22:12:58,34.19,53.42,0,135,0.20000000298023224,1,15,10
22:14:01,34.17,53.45,0,135,0.20000000298023224,1,16,10
22:15:04,34.18,53.63,0,135,0.20000000298023224,1,17,10
22:16:08,34.19,53.44,0,135,0.20000000298023224,1,15,10
22:17:11,34.19,53.35,0,135,0.20000000298023224,1,16,10
22:18:14,34.2,53.42,0,135,0.20000000298023224,1,16,10
22:19:16,34.19,53.58,0,135,0.20000000298023224,1,16,10
22:20:19,34.2,54.09,0,135,0.20000000298023224,1,16,10
22:21:24,34.19,54.22,0,135,0.20000000298023224,1,15,10
22:22:25,34.19,54.58,0,135,0.20000000298023224,1,14,10
22:23:28,34.2,54.75,0,135,0.20000000298023224,1,14,10
22:24:32,34.2,55.3,0,135,0.20000000298023224,1,16,10
22:25:35,34.21,55.32,0,135,0.20000000298023224,1,18,10
22:26:38,34.22,56.17,0,135,0.20000000298023224,1,14,10
22:27:41,34.21,55.99,0,135,0.20000000298023224,1,15,10
22:28:45,34.2,56.45,0,135,0.20000000298023224,1,15,10
22:29:47,34.2,56.71,0,135,0.20000000298023224,1,14,10
22:30:50,34.17,56.95,0,135,0.20000000298023224,1,16,10
22:31:53,34.16,56.97,0,135,0.20000000298023224,1,14,10
22:32:56,34.16,57.02,0,135,0.20000000298023224,1,14,10
22:34:00,34.16,56.67,0,135,0.20000000298023224,1,15,10
22:35:03,34.16,56.91,0,135,0.20000000298023224,1,15,10
22:36:06,34.15,57.09,0,135,0.20000000298023224,1,14,10
22:37:09,34.15,57.11,0,135,0.20000000298023224,1,16,10
22:38:13,34.15,57.37,0,135,0.20000000298023224,1,14,10
22:39:16,34.14,57.29,0,135,0.20000000298023224,1,16,10
22:40:19,34.11,57.41,0,135,0.20000000298023224,1,14,10
22:41:23,34.07,56.96,0,135,0.20000000298023224,1,15,10
22:42:26,34.06,56.06,0,135,0.20000000298023224,1,14,10
22:43:30,34.06,56.43,0,135,0.20000000298023224,1,14,10
22:44:32,34.08,56.22,0,135,0.20000000298023224,1,14,10
22:45:35,34.09,56.04,0,135,0.20000000298023224,1,16,10
22:46:38,34.1,55.64,0,135,0.20000000298023224,1,15,10
22:47:41,34.1,55.51,0,135,0.20000000298023224,1,13,10
22:48:44,34.1,55.29,0,135,0.20000000298023224,1,14,10
22:49:49,34.1,55.36,0,135,0.20000000298023224,1,15,10
22:50:50,34.08,55.4,0,135,0.20000000298023224,1,15,10
22:51:53,34.07,55.76,0,135,0.20000000298023224,1,16,10
22:52:56,34.05,55.53,0,135,0.20000000298023224,1,15,10
22:53:59,34.02,55.66,0,135,0.20000000298023224,1,13,10
22:55:02,34.04,55.39,0,135,0.20000000298023224,1,15,10
22:56:05,34.05,54.64,0,135,0.20000000298023224,1,14,10
22:57:10,34.04,54.85,0,135,0.20000000298023224,1,15,10
22:58:11,34.05,54.44,0,135,0.20000000298023224,1,14,10
22:59:14,34.05,54.28,0,135,0.20000000298023224,1,15,10
23:00:18,34.07,54.6,0,135,0.20000000298023224,1,14,10
23:01:21,34.08,54.73,0,135,0.20000000298023224,1,14,10
23:02:24,34.07,54.49,0,135,0.20000000298023224,1,14,10
23:03:27,34.08,54.25,0,135,0.20000000298023224,1,14,10
23:04:32,34.05,54.14,0,135,0.20000000298023224,1,14,10
23:05:33,34.06,54.18,0,135,0.20000000298023224,1,14,10
23:06:36,34.08,54.95,0,135,0.20000000298023224,1,15,10
23:07:38,34.06,54.72,0,135,0.20000000298023224,1,12,10
23:08:41,34.04,55.27,0,135,0.20000000298023224,1,13,10
23:09:44,34.03,54.95,0,135,0.20000000298023224,1,14,10
23:10:47,34.02,54.54,0,135,0.20000000298023224,1,14,10
23:11:50,34.01,54.85,0,135,0.20000000298023224,1,15,10
23:12:53,33.99,54.74,0,135,0.20000000298023224,1,15,10
23:13:55,33.99,54.07,0,135,0.20000000298023224,1,14,10
23:14:59,33.98,54.2,0,135,0.20000000298023224,1,15,10
23:16:02,33.99,54.21,0,135,0.20000000298023224,1,13,10
23:17:05,34,54.02,0,135,0.20000000298023224,1,14,10
23:18:09,34.02,54.09,0,135,0.20000000298023224,1,15,10
23:19:12,34.02,54.32,0,135,0.20000000298023224,1,13,10
23:20:15,34.02,54.68,0,135,0.20000000298023224,1,14,10
23:21:19,34,54.7,0,135,0.20000000298023224,1,14,10
23:22:22,33.98,54.42,0,135,0.20000000298023224,1,14,10
23:23:24,33.97,54.62,0,135,0.20000000298023224,1,15,10
23:24:28,33.94,54.52,0,135,0.20000000298023224,1,14,10
23:25:31,33.93,54.05,0,135,0.20000000298023224,1,15,10
23:26:34,33.89,53.95,0,135,0.20000000298023224,1,15,10
23:27:38,33.87,54.17,0,135,0.20000000298023224,1,15,10
23:28:41,33.88,54.24,0,135,0.20000000298023224,1,13,10
23:29:46,33.88,54,0,135,0.20000000298023224,1,14,10
23:30:47,33.87,53.97,0,135,0.20000000298023224,1,15,10
23:31:50,33.87,54.21,0,135,0.20000000298023224,1,14,10
23:32:54,33.87,54.21,0,135,0.20000000298023224,1,14,10
23:33:56,33.88,54.12,0,135,0.20000000298023224,1,15,10
23:34:59,33.9,54.17,0,135,0.20000000298023224,1,15,10
23:36:04,33.89,54.14,0,135,0.20000000298023224,1,14,10
23:37:05,33.89,53.93,0,135,0.20000000298023224,1,16,10
23:38:08,33.9,54.11,0,135,0.20000000298023224,1,15,10
23:39:12,33.9,54.07,0,135,0.20000000298023224,1,16,10
23:40:15,33.89,54.08,0,135,0.20000000298023224,1,15,10
23:41:19,33.88,54.18,0,135,0.20000000298023224,1,16,10
23:42:21,33.88,54.22,0,135,0.20000000298023224,1,16,10
23:43:26,33.87,54.32,0,135,0.20000000298023224,1,16,10
23:44:28,33.85,54.62,0,135,0.20000000298023224,1,17,10
23:45:31,33.84,54.82,0,135,0.20000000298023224,1,16,10
23:46:34,33.83,55.07,0,135,0.20000000298023224,1,15,10
23:47:39,33.81,55.27,0,135,0.20000000298023224,1,17,10
23:48:41,33.8,55.43,0,135,0.20000000298023224,1,16,10
23:49:43,33.78,55.61,0,135,0.20000000298023224,1,16,10
23:50:46,33.78,55.44,0,135,0.20000000298023224,1,15,10
23:51:49,33.78,55.42,0,135,0.20000000298023224,1,14,10
23:52:52,33.76,55.81,0,135,0.20000000298023224,1,16,10
23:53:55,33.76,55.49,0,135,0.20000000298023224,1,15,10
23:54:58,33.75,55.7,0,135,0.20000000298023224,1,16,10
23:56:03,33.74,55.74,0,135,0.20000000298023224,1,15,10
23:57:05,33.72,55.33,0,135,0.20000000298023224,1,15,10
23:58:07,33.69,55.41,0,135,0.20000000298023224,1,17,10
23:59:11,33.65,55.83,0,135,0.20000000298023224,1,18,10
